cs_id,event_id,timestamp,cognitive_score
27856597-640f-4bc4-a04d-cd25986b698c,80e5ac9e-b394-4363-a7df-b5557bbd98f7,2024-04-27T15:05:50,38
46509d98-bb3d-461e-b2f6-4c4c422231b2,e12edd47-e01f-4c98-8e51-b02df027841d,2024-11-08T13:52:39,80
000d5d14-9f81-43a3-843b-f051f051d74a,edd43938-bcf7-4273-a3dc-75c7d029d46a,2023-07-28T21:32:10,89
0069387d-4ced-4f1d-923d-f40476d34122,40051850-6f55-4af3-b46a-ec3a81ee9da8,2024-09-02T08:09:00,58
13dc5011-c16c-48d2-bc98-76bbaff647de,f467f3d6-311f-408d-a957-98b4bd08bad1,2023-02-09T10:48:28,20
b12cd8d3-fc0d-43e6-8a8e-ab7ba0940698,8c258466-e7ba-48fd-9a8e-fd11d79af354,2024-07-12T13:32:08,86
b60cbff1-a07a-40fa-bb2a-0df4f0a236a2,820759aa-4d8d-47c4-bec2-ae2125232a88,2023-12-12T20:04:42,56
c9c25609-8879-418f-b721-07e5bfc5a55b,2246af42-b6a5-4308-94ce-aebd0a8e2774,2024-07-03T13:10:49,94
d301659b-eed1-4bf0-84f3-e7b7f954bf73,734e02a3-8ad1-4054-bc7d-e968cc72ea30,2024-04-07T21:38:10,97
2cdfd5b1-9a55-4979-8bb2-be1e368b0f80,af6ed1d6-6010-4a31-8cc0-db1aaf5d5a59,2023-09-01T22:32:35,9
6d4b420f-857d-4c1d-8d3f-963d9861d647,bf4fb510-c014-4f83-aef3-c12ecc87360f,2023-04-12T21:40:13,38
a53a9c21-5afc-4cda-8cc9-6a28ffcd32ec,0215bd1e-bdff-4e88-a04d-61e53dd0b284,2025-08-19T21:45:41,74
44cdbdbf-e85f-4ccd-986a-eb5135105d2e,a0534a77-d121-4b5b-b955-a963520a8673,2024-07-19T00:44:01,93
cbc1c0b4-3820-4ada-b6bb-976a5bba2ac1,eecb60e0-5efc-4710-b4de-82d560e84260,2025-11-01T03:11:01,87
eadb62c2-f003-44c5-9b11-dbc1f5bcca6a,d1c1d542-fe69-4108-829e-28e1220dbbde,2024-08-18T02:42:34,92
96e97335-322c-4e62-8431-621505a5a6af,ea8c1da1-8b2d-409d-981e-123918c04ce3,2024-06-17T07:29:02,3
c213f47e-8cde-4430-8d63-b3e941d444d3,299fc645-d0f0-40b6-bb5a-3329e9ae4142,2024-08-21T14:39:52,27
8c041b6a-c316-4671-8a9d-10486427f3bf,9f604a09-00a5-4f13-84a0-f1304e65277b,2024-02-26T08:04:33,51
9206ec79-90e1-4d09-b795-2b3d4a1ff97b,62b06fb4-5cf7-4bb2-a7cd-e8bbdc52bb99,2025-03-06T05:59:05,20
73984aec-4540-4f20-bc35-5b345727140b,5d76d7ff-d107-4e76-b723-a6d42b1de332,2024-03-02T17:06:31,24
18efee07-beba-4735-a146-206b450e80a1,e9e8b859-0cd8-4d86-a5a2-4eab08a0d382,2024-06-06T16:34:59,25
7f452d2e-34fb-4bfd-8277-b79b85eae1e8,600ec7f3-92c1-49b0-ab3b-2d6ddf2e2024,2025-01-24T07:37:14,56
d9add275-61dc-4df5-b5f8-e371c00b462d,b94f47d5-2203-48fb-b3c8-c6d90ea431f8,2023-07-06T06:27:29,87
ffdee97e-ebd9-4df6-9a30-fc2f3615c511,f57b0388-2485-4a98-99fb-3859a9e02acc,2024-01-07T07:55:05,34
a8c2a8c5-f207-4d4d-9845-d365f1c54547,791a6dd9-7845-4647-82ab-ab297ba0ca78,2023-06-24T09:26:37,21
8ca49b30-cf35-40b9-b0b6-c7760b2f476c,97ec83c0-8ceb-4fbe-aec4-bb5d96062925,2024-07-28T02:54:34,88
cb3b3753-3f52-482e-8dfa-be52b68accbd,d956628e-db15-4351-8c9e-7573b75d8416,2025-01-29T06:47:07,22
2e5102d4-3407-44b7-8107-b1c2de83455d,38a00919-234d-49bb-b404-9324cb6ff4f7,2023-04-05T23:03:23,3
5bc9733c-d49e-4077-92bb-1453042e2b74,e212cd7e-4e3e-42ea-a953-e8d6d6f60d5f,2024-11-05T05:43:01,10
21fcc593-ff0a-4b78-840f-3ce39a3d3535,3173c7d5-509f-4222-801b-00000273f952,2024-07-21T08:50:42,74
f2e13f1a-ce5c-4a5e-bb29-89e63469bd63,babc720e-34cb-455a-8885-d1d9f5f0b3b2,2025-11-04T22:10:05,15
8bf3ba6f-c5d5-4696-a745-b5a66b6d2ca8,641d6fbc-bbfa-4bea-addc-52602bc9c084,2024-07-12T01:21:09,18
719a899b-6a18-45b9-a1e8-01ac5ea3afce,3b7a6341-b416-4f77-848a-25f3d818dc51,2023-08-22T14:56:57,25
71ffb6f7-73b9-4d5c-8fac-730cb197df19,be0105f0-7223-40ae-8a67-d19bc750a426,2023-11-04T19:16:31,57
dab6a7c6-553c-4b39-b654-ce90252c87f7,a261b20b-1d9a-49a3-a439-e52ea384d0cf,2023-05-13T03:34:32,76
2a35fa24-799f-4eee-8d8f-afa42e8a438e,b894a51b-a5d4-4be0-a861-807aaa48f6e1,2023-10-03T10:44:49,30
a3b6b821-2cf8-4efc-aa17-3e298e087590,62f4242b-dc09-451b-b2ef-13ba0669d9bb,2024-12-02T02:19:44,74
5e11b0b9-be7f-4c47-9692-729ee6283e2e,ad6f0252-6d83-4e50-8f55-6fb480068422,2023-11-20T06:49:03,73
870b8635-bd3f-49ff-81ed-ad6da2b941fc,36680840-ec7c-47ff-9311-02d64bbec8b2,2023-03-26T22:12:46,31
d199ffcb-d015-49f8-9b24-4fd336643f8b,cb7b5d0b-8924-47b6-be8b-6b8d4bc42e5c,2025-02-04T14:13:03,46
0d859928-a110-4b39-b0ea-7d4248898181,fde2ea23-a716-4197-924d-8427dda7de88,2024-07-13T06:17:06,24
4058608d-37cb-4c62-bb27-a9c733104cb5,4e8c5d9d-b10e-4faa-aef6-1545d613cbcf,2024-09-03T17:43:12,81
367cc8fe-1826-4229-bb24-1a8eb1671444,ab3e9947-5310-45a4-859e-7f28cd54d31d,2024-06-25T17:49:07,69
252eb634-9a56-4703-912d-a00a175921c7,e777c4dd-81d8-48aa-94a1-a9d32d1c839d,2023-02-19T00:32:53,36
c776169d-ca01-4077-b837-b49233230f7a,2b5083bf-a5c8-4ade-be2f-2e7b790c6600,2023-04-05T00:41:27,21
b8532730-45c7-4c46-a2e7-195e079ebd15,aaac1a01-e3a8-4962-9686-ce986d0f35ce,2024-02-27T14:17:54,39
3c8f98af-d5d4-4a29-9f3c-9664ed45b69a,0867a4be-5e72-4acd-8b33-b7c266ccf1a1,2024-09-11T15:12:49,45
9cd0fa7f-4c77-4045-8706-5015663de5dd,1436b4a4-6c4b-4911-af18-c05c08a9c80b,2024-03-31T08:53:41,15
fea2e65c-3683-4708-8110-acb979f45f55,fb0166bc-ec82-47c0-842f-713bf245868a,2025-02-24T15:54:34,90
def06260-cc7c-40b5-9c04-d4f463fd9f16,6dd4ae10-26aa-4f49-99c4-b97c6a9be3b0,2024-04-15T01:55:11,27
e9b0bf43-4531-4197-88c4-77173184581d,d6dfb984-cafe-45ab-b811-ecb1a0af6466,2025-05-03T09:04:06,92
13464614-e5a1-4080-ae1e-358fef5dbd54,4414fc58-658b-4302-b0c3-876eb003cf8d,2025-07-01T07:06:39,52
2f14899d-3722-4601-b382-10ff22e7949f,1d95249b-9287-40d3-a497-498fcecd9983,2025-10-13T18:24:21,65
0970b552-a815-40a2-8e75-3b9502197036,bd04eeb6-1705-4429-91f4-e4297b709185,2023-08-18T23:22:00,48
9e7726de-d48a-4cda-824b-79a130331f4b,9f7fefe4-9067-4227-9ff5-bc0e2a72f429,2023-08-27T08:47:44,89
81c1111f-9556-4e65-bee4-843224ad3ff0,1caefc7d-5eff-4ef0-8f9b-30374235736e,2024-06-21T22:31:29,40
b5a508a7-5f09-40ed-be0b-d1a290ba0315,d40f8bb8-775f-47f9-aebc-f9cb2afdab00,2025-08-24T19:03:54,96
66ed4cca-a4f0-442d-b711-5fd4b4d371e6,52d121d7-8533-4eb1-8f63-102a454cd0e0,2025-11-23T11:45:04,78
cdcfb2ea-17dd-40d6-ba3a-fe958151cfe2,57b47b9d-f27f-4e15-bd09-69720bbcf5fc,2023-01-01T22:36:15,50
6b428238-dd61-4ba5-b848-dc71b8a54cf5,4c9fdcd5-8cfe-49a0-bd8a-322aa5959f4d,2025-09-29T00:29:28,21
0a731d04-6bdf-48c3-afba-bde3df35d8ab,d4a978dc-2cbe-4ce9-a46a-7dfb0f29ee9d,2024-08-11T10:25:57,58
7aad3c00-3a33-4242-8664-90d4a28013fe,ace0460a-c4cc-4ca4-a66c-44b782bb4bf9,2023-06-01T08:30:00,32
5c547480-9fcb-457e-bb8e-d60ad145f325,820c4b6d-c7c8-4944-823e-6d4c9cb8b1fe,2024-10-14T07:44:47,8
0fc58dae-4a57-4649-9467-d7be7054b692,90f40b56-4184-48bc-953d-37d139628e4f,2025-02-11T02:10:33,85
4c8c6abd-112d-42de-a215-6a6893e1cd81,1ea41a7e-db3c-461f-99e8-d93922b9f7b8,2024-02-07T01:51:51,79
166bd747-f8e6-4f6f-9645-5f08bed466fe,5274c6f3-ba94-48eb-9b9b-9dd6d6fd1908,2023-11-06T22:27:13,76
f08a3c66-7747-4ec2-a58e-1309b140a708,07ae8dbe-41b3-4651-97e8-0aec5b56d3b7,2025-01-20T07:10:06,2
d7940242-cc06-4295-84c5-1ab8ca537806,0faf0fec-2e88-41a6-90cb-993f9a4b32d4,2025-01-16T07:23:40,78
8f9db76a-e136-467b-8cca-e87c523cce2d,a14d70a2-1501-4c03-bc2f-a601f07ba236,2024-04-03T23:58:07,94
39d54f50-97dc-488a-93e9-194d876cbde2,dc6d1127-c976-4232-b0bd-6870b1280ebe,2024-08-23T15:30:18,93
91873c8c-bd7e-4c20-a768-372670ea7810,6976c01e-f154-4a4c-a915-e6c2ac9a9f17,2025-07-18T08:56:53,21
5c287bd3-8181-450f-b5f2-048d3aecf8dd,44462904-81c8-45ac-b232-a4569079daa6,2024-10-12T05:37:57,20
4f5a5a14-62fe-4616-a69a-aabe9f27bed9,ae7b0b8a-8db9-44bc-9036-674c3b4956db,2025-09-04T07:12:16,84
3a86f3d4-2e1d-4696-983a-b4d39df16ed8,1bd144e0-5957-4aff-a36e-ab275be43266,2025-03-23T14:36:31,91
136ac525-9139-4602-8068-7f0e3a1c7836,01251550-625d-4ae3-a88c-2d94790f93be,2024-10-09T08:38:29,71
5ba4413f-93df-4578-b0c6-3f454c80e2fa,c99495eb-81b1-4523-8ea5-f190ea6729f3,2024-11-30T14:03:16,70
b7d17dd6-e5c4-4563-b478-18aa09f1859d,a819053c-25ce-4f7b-929d-c69057d942c1,2025-02-19T15:37:10,93
0666a8ac-6947-4b91-9b54-5e5f92250b12,64c3add4-b951-4fae-a7ea-748d23734fa3,2025-04-23T11:10:48,48
0813c306-bde8-4efc-bf58-9c273fc76ce5,6a189d70-e951-485a-9f8d-8de4992cf7e7,2024-10-17T12:18:15,42
fe2c21b9-69ad-42d9-b6cd-ce120e799c08,93b2b024-33da-40e0-8dd2-5d0ff3c647df,2023-12-23T16:45:06,12
9d42ab0a-ed2f-4337-9334-2f8f1fcf8baf,915ff766-8beb-4283-bd74-597bbe37ec3e,2024-08-23T12:51:47,39
c1cbb214-c300-4525-9d00-0a88aceffa3b,1ae5ddca-77f2-411d-aa51-101aa3c0a6f8,2023-02-03T12:13:25,3
2d81a0ba-ca44-4a0c-a565-0a42a1ff970e,e6b8e3b6-c75d-4071-93c6-07b9a048b7da,2024-08-03T23:36:03,30
de8b0207-9773-4dc9-82ba-4b37e7f13438,0aa80725-d415-47f5-a29b-0a1e428ccc04,2025-11-16T20:41:56,27
374ef2ea-8ff0-42d1-a39f-928e0d3b9c9a,5fb040d3-fb5c-4503-92fe-9e43fb182c37,2025-07-20T01:55:45,37
d3121a9b-91ff-4108-a985-2acdaf18ac2a,fa78ba9d-224c-4ae9-a141-60c2b41c5dd5,2025-10-12T11:15:41,67
bdf3ac85-a653-468d-ac5b-266731937956,8b025fa1-b87a-4d01-b710-89b7f399f3ce,2025-11-10T05:09:43,39
f6b9d9b5-77c0-4da1-aa98-6218d05d0872,96919131-f8f8-4885-8a5d-38df555299de,2024-12-22T04:59:04,97
3ce6f10e-15f9-4fef-826d-ce08c626deee,d5185dd1-502a-4719-8eae-65bd5fd084ab,2023-08-13T07:29:09,89
3793d2fe-a7c5-479f-8cd4-d4f586fbdf89,aa652c8d-8255-4955-9d89-9c2b05262af9,2024-07-27T06:35:40,78
9081ae83-3353-4e3f-9d39-e345b5f1dba6,0c8f3cf0-15d4-4d3d-8aa8-24f027a99aa3,2024-06-17T14:19:05,16
a47a5c43-44d3-44e4-837d-598f8ecc04f6,634a2054-2448-4969-9259-467732b99892,2023-02-06T16:24:40,77
1d9988c9-273e-4063-817c-2e304b32b3be,8fb0d2e2-7fcd-49d1-a5a0-730d0b5752d2,2025-06-09T03:28:09,51
25be285c-1f50-487c-b8ef-9b58196db5e6,d84cddb0-c26b-49dd-bd8f-65f66eba2b52,2023-04-07T15:44:56,46
1f8f78f3-3f76-488c-ba69-3e27051a2b3f,462d6008-1006-4f59-a011-b6d65b1d9390,2025-01-13T16:41:22,44
b4706373-2418-4172-8aba-f4db0bb36b73,f4cf49aa-1400-49ac-af6d-18be877de4d6,2023-06-13T03:21:50,9
df09bd99-bbd9-4e0d-aee0-3d59e0744b4f,3ecdea20-f878-42ec-a9bc-a4899cd4eff5,2024-12-07T15:59:19,8
0111f12f-067b-4887-875c-de1db43553d3,5a1fe485-0eb1-4d17-9e87-4e3236da2c7f,2023-12-21T11:24:02,75
37f41221-6993-4429-b382-92f5cb487e1b,7b36d66b-29b2-465b-8f66-140b144407cd,2023-09-17T18:10:19,75
efe055ed-1562-413b-aafe-8ec81b990d04,f63627ff-82cc-4100-b74c-a6a9915dcf60,2023-12-10T19:32:49,49
aaa627b4-990f-4733-bb7c-395875cd2d84,c6645c74-0f2e-4ad9-9ef7-4ef6a678fd40,2024-11-18T01:46:49,10
f9574ead-3355-4d75-86f0-d607cc85a394,dce0a342-fb4d-43bd-a239-591f15a2e4c9,2023-11-09T05:34:27,32
f2b0e196-8977-42c9-9244-da8bf0c74bf7,42621186-0127-416d-8617-b4d658ffabde,2023-10-12T04:53:16,26
61903d39-01f3-46a0-8806-47ca7b548ed7,6c0f7320-29af-4120-937c-24b08fc474cb,2024-01-27T19:21:18,7
6034070a-0e6f-4d28-a988-f54857a6bfc3,d8c56dcb-fbac-40a2-b3c0-f0d646e4d519,2025-03-30T05:29:32,30
1fc2fb21-344e-4783-8430-8fb8ad6b69ed,c69b4be2-4e91-4b79-a93d-c2423f6e4d29,2023-11-27T23:29:14,78
db6521d8-8435-47a7-bc84-00d7fda0dc77,7c89fafc-a058-459a-84e1-da730c5b743e,2025-04-10T17:24:51,59
4c064a30-122f-440d-bb7f-e61e41dae8db,6fedee94-9428-4ae6-ae51-ccd02b177630,2024-12-12T08:24:41,71
7a5e7124-73b3-408c-b384-f1422229b235,d57e876c-f703-4e86-afad-9f6739d46bb4,2023-03-19T06:43:41,43
db4ab969-eab9-4e52-a0e2-4d79c5d25c0e,e250996d-048f-4980-92e4-54e23199b6b5,2024-04-23T05:02:32,19
768a5683-390d-4b8a-af8f-2cf3afaa8b8e,61952436-cf14-49b5-9819-da03e11feb36,2023-05-30T13:29:11,17
ff1083c6-b4ac-4d7e-88a0-7d0f36397787,20752750-0a13-48d9-b4ae-34d0572e0768,2025-04-17T02:58:51,73
d5a3803a-e460-4250-904b-c11243cb377d,f9928de4-6c0b-473d-9fbb-a6e41c55b963,2025-03-27T19:33:10,27
a7a0c7cc-1db3-48aa-8ebe-a505941a17f3,38965932-1cd7-456b-b5d4-fd88fb82ce94,2025-10-05T19:06:13,5
21882adc-91a7-4d97-bde8-4975106caf0f,4e33f140-e666-4a44-9fed-8b9539b4dd6e,2023-12-27T21:21:02,94
9d4a1499-f934-4898-9058-31cbfca7c4a1,fd1e948f-523e-4eab-a17a-49f978c584e3,2025-11-14T03:01:43,5
55372cb7-4124-4ada-9e95-45cd1b02c03b,e1fa4d14-9e29-47c0-bbe7-49012862dafc,2025-02-06T23:07:04,24
029f9865-e9ea-4c78-b1b4-a466226ca623,ad949f98-fb15-422e-8b47-7f817303b42f,2025-08-15T20:22:04,48
625038f9-4238-47e2-bb25-b4e8b728668f,97f33ffc-5b64-4695-aa9d-d5aec4cb43ee,2023-05-20T13:29:00,56
0e72e3eb-8c2a-4fd4-bfee-7a4a4da3861b,3fc5e828-d0db-4d23-9344-9252b3979afe,2024-02-16T18:58:08,67
8cc77334-3837-494f-b39c-3d88267378a6,fa842076-1dac-4c7b-b4d5-100522fe80e7,2023-07-06T18:22:33,46
9c9a6ff1-2f26-4ba9-b305-4007a91dba2d,7d10518c-63a3-4499-9ef4-8c25346c57bc,2023-09-26T20:09:49,47
6b8bbfcc-856c-4165-bca3-529c70214a28,9f450bbe-8a8a-4b3d-ae75-0e6e0b78483e,2024-08-02T00:07:36,23
aa81502f-0e7f-4233-9314-dd26b3c42109,71b9f1ff-5251-4072-9960-d88de0e61762,2024-11-16T09:28:15,2
76d60c19-10d7-498a-b2d6-9ac67e9485a5,53774142-0547-4bb3-af92-a4884f76debc,2025-07-25T13:56:23,7
973af7ca-c1fa-43b1-86de-acecb5f1a3ac,5839001b-2591-462c-a7f3-7d39ec3b0c0b,2025-03-16T07:24:24,80
fb818ab9-e748-4e01-9ab0-69e704cd5596,a8dbbaf0-3cf8-470c-add8-157953db73da,2025-08-11T09:05:59,54
95ce91b4-a971-4684-8129-35c5b4e8204c,3562a325-3783-4042-a9c1-753332d8a8b9,2024-10-27T06:24:26,40
09df492a-954e-4403-88da-d3d53a2f4c1c,ce368dd6-71eb-4629-97c1-e5862ca159fa,2023-01-15T01:52:40,10
fb52e3fc-8fde-46eb-851e-e790d6c0dd7f,d2176fdd-d5a2-4235-8902-9adfc4d717ce,2023-09-24T10:05:06,91
04461598-ec17-41a2-a4c2-550d73912bc3,e846ca17-bf0e-49df-8889-2696e0e1e252,2025-06-24T19:30:23,64
1d2f3abc-3f2d-4c88-8181-42d61d735ac5,37d55970-dbe9-4aae-ada2-f29d485527a7,2023-01-06T00:06:38,73
1ba240ee-9d47-4e6c-9eeb-bcd0a63438b1,f2d89cf3-d0d3-4389-bc00-56f9a1551204,2024-04-18T08:56:13,49
e6ab5904-a713-4a6e-9962-a22753b3a620,75f10ea8-2f71-40e3-83c5-f14e1214be09,2023-02-05T21:41:32,43
0a5cc3a7-0d62-4e9c-bd3e-43f0f855b492,6d8dee7a-a61a-4d6d-8af3-6c0969819235,2024-02-25T04:25:41,64
9d7b5f02-1a77-4659-8e9a-0ab815a8aa9f,08c1bf01-a5e6-4835-91e1-0cccbfc56a5c,2025-09-20T08:30:13,3
64e3add1-f49c-4f04-bc3b-9a38533bddaa,0e7d74c3-3397-4847-bbfb-525c186ffcc1,2023-12-31T00:54:35,38
f351e2ba-e827-4f63-b6db-8b21f221e1ca,6eed2c8f-73ef-46ff-a2ac-27f1b184a301,2024-07-05T17:40:27,37
9ed327eb-78cb-4cfb-8595-27cfb11d89a1,051c9349-5a65-44d5-af92-9be1f0c63118,2025-10-29T22:43:25,61
fa2315da-caa1-4d8a-81a7-16ddf0d72318,16857802-21f8-4ce7-9177-15b6972e1d71,2023-05-30T06:28:04,7
d1bb127e-2e1c-4226-9cd6-a2e30fd83d56,8557a699-b7d9-4cf8-bc44-468d1433771e,2025-10-17T14:20:55,14
0131f31f-e4b9-480f-85cf-42f7c46a8be8,cb93a317-8a93-42e0-b400-77477a40b5cb,2025-09-01T22:46:29,71
196066dd-fbdd-4251-9ab8-c2cc8a8f243c,e21486b5-d755-4b48-a598-3205c4956900,2023-10-20T14:26:01,26
fb2d470b-92fe-4a59-b8eb-6ee29fc8c2e9,f1716590-f8df-45f8-a65f-d7cb048248d4,2025-10-03T15:12:42,96
265c6406-e33d-4a2d-8fd0-b2a9905ff9ff,79ee6fa9-cdbb-4d53-8797-1aeb42c152d0,2024-01-22T17:05:28,74
6af999a8-b177-4ce4-b570-a1ee4bae9967,b477d823-b67f-4384-b754-fc0585347938,2023-06-02T08:53:30,67
588f3ecf-7383-4180-b478-c34411d40160,0fadb3e9-2faf-48b6-8013-57e19d07fa10,2023-08-16T08:05:37,6
300175d0-4b69-41a9-9712-a90709837784,86264c82-cdf6-4aea-bd18-11879678b8cc,2023-04-15T00:41:13,32
47b405c4-90bd-4468-a326-59fb5a927216,ad1902b8-a3ef-443b-968b-3d1d3b63d32e,2023-01-30T07:56:50,97
8e71cbe5-fd6e-4d5a-b947-9dc25d1f8b0e,bcca1be8-c57b-48a2-bb1f-24109f901205,2023-06-22T16:14:37,70
7d12bbe7-45f7-4393-8282-6aa79cafa577,3d135f89-41a0-4b3a-8c2e-0a6e6343ac42,2025-08-25T13:40:42,23
c093bf1b-3719-4577-ab18-bd3bc7797e3f,e05f40b4-b33c-4859-9cae-63413d77491a,2023-04-11T05:29:47,73
4b7a3db6-d363-4d44-b3ae-466b66755a0d,84bbe5b0-34f2-4c60-a9a5-a73a74091938,2024-07-23T02:44:06,40
64ac22f4-15f4-4c3c-9c3f-849ca415d5cf,52cbf2f1-200c-4e3a-bb11-0cbb9f526d78,2024-01-30T19:56:15,84
a6e411c8-3f83-4f36-a675-2478d9dcff6c,0ba5c144-e0f1-4f45-91d5-a76becec1609,2024-08-24T04:13:11,33
cb0b77fd-0325-47b4-8c50-4226692a63d1,ee8ce79e-f28a-4424-94ac-0ad46417cafd,2024-01-20T00:42:28,50
7a895f18-64bd-4b26-bd4b-727d5832cece,0be62667-85b9-4b55-958c-8e3ba2f6b4d7,2024-12-21T10:21:24,71
e2361f02-997a-477e-b2bd-5ccfbe2778f0,468819a7-0f4d-4df4-9d9d-470b5f750ba4,2023-11-18T21:51:53,30
cf959e98-70b4-423c-9979-a1c1af893bfc,1e9a89c7-2197-4f1c-b59b-3d05c0056757,2024-08-27T07:18:52,2
bcaa96d0-a24c-4443-93a2-3ebe86ef0585,6705a353-80ca-4cdf-8af6-49ea334d9be8,2025-06-28T15:14:22,64
49b5997f-b97e-42d2-8c31-d1a66ce17796,3ec10737-f7f1-4baa-86b5-3be7e14d04a9,2025-06-21T01:43:20,38
b34cc0dc-c533-42ae-8b10-22f94563f283,de72da4f-a6ff-4f0e-b0e7-9feacf2056d1,2024-02-03T08:44:01,45
7a5dccf8-02d6-49c5-85a2-a16732a27c04,88226b07-dba3-4de8-ae44-7b11664d9ac4,2025-08-27T02:03:25,88
f343277a-4738-45ef-aaf8-208ea2046b1f,9f90f595-4a94-4fb7-ab51-beb1410768f0,2023-03-04T13:49:52,62
311fa921-3ea3-4e7b-85e8-47fa0b3e894b,cfb3ce85-1a22-42b9-8b2b-2c109c91a277,2023-01-29T06:13:08,52
5611f497-64e1-4105-8fad-39f4c79c2b3f,35121443-70dc-459d-970d-507ee0990456,2025-11-17T13:10:06,56
81f36e9c-5386-42e4-954d-0200d2129de4,534fc186-c621-46d9-ae52-b2eb82d90091,2024-10-26T08:08:09,44
a1a8bfa2-0c6c-475b-b932-1a2cf69c8377,0961bc0a-0586-4ca7-b883-df6a3a1cb5e9,2023-12-02T18:30:07,82
9c65a9b7-567f-4545-a74d-1e0a04276d3b,8081e6d9-4777-4ec3-8eaf-0457eba6fd19,2023-07-19T21:59:10,65
0a06da2f-72c3-4cef-ae24-71d06809c165,c4e842ef-31f8-436e-a952-4d82535bc700,2024-07-04T00:10:51,85
bda4116b-21f5-4686-8a1f-27c34f0385a7,e3e16ac9-6756-4aca-9284-7cc895653a38,2025-08-23T10:59:36,70
eb2d7561-2fbf-405f-99a6-f8e3813ee350,6f63ef6d-8821-4ef9-95f5-636485fde669,2025-10-19T04:02:47,45
8eb55be1-5648-4db6-ac01-859ce4a33123,1cf79f13-dd3a-4518-9d40-0c84b0c3e01a,2025-02-22T19:50:12,57
43968a5b-7de8-4303-a763-feff06d554b9,b8ab6d2f-a4cf-4732-813a-d608410b7010,2025-05-22T09:36:02,16
fdb34c2a-b528-4adb-b084-f316584cd922,8d663830-4f47-4ae4-a9c7-bbf8a8cb13df,2024-06-26T12:38:20,6
9e161667-dbc2-43dd-8d02-449ad73385d0,691ee08d-33e4-4092-a404-288844c79f4a,2023-02-25T12:11:48,72
92859576-f3df-482b-9cbe-21764ab444c1,0322fea5-834a-4697-9328-7fce2561a955,2025-06-16T18:36:36,52
d86eb4f0-6c12-42a7-9387-8b767fa3ffb2,5bc929a4-d8f8-4e5c-baf1-cce018c358b1,2025-11-14T04:02:28,68
33c543e3-2cf8-49f5-9567-7ced4fea24bf,1594760d-de1e-408b-aba9-f668333dbc55,2025-01-08T19:48:59,32
4ee6de2e-b826-41db-8de6-358d9a9635e3,d47dc293-4688-4fa0-8189-ffdbea78e2a6,2023-01-17T13:24:27,61
084281e0-d8d6-4a4a-8301-520415371516,3bc5093f-759b-4584-990a-0c364dbe861e,2025-01-20T09:17:58,60
27ece78d-8b18-40ed-aa06-21f2d667a182,bb979df0-a1ef-4e31-9eac-ab0bff575f0f,2025-05-24T11:11:45,21
c633e19c-496a-4766-b2b2-84e37995fa9f,c18974a1-30d0-4cd2-90a3-79fb238021d2,2024-09-05T10:39:04,18
f4e72b0f-229e-4894-8d5d-e8b8c1396cb6,cecd0c65-4154-415a-8baa-ff608644e85d,2024-04-19T20:23:19,58
653027d5-3dba-4de5-89b5-048fc98480a8,ba4f182c-c4d4-49b6-b914-7d6c93847558,2023-02-05T04:55:41,68
2d279667-2757-43d3-9e4c-feb569df1010,6108f5ed-ebeb-4396-80de-e981ee8cf8da,2023-06-21T00:21:24,3
a4ac7812-1bee-458d-8262-41c43f911511,0d2d5a8f-8fff-4979-845e-e65eb044f69f,2025-02-26T12:41:06,27
b144cd90-4bf9-4a6c-aafd-02c4309d6e1e,88824300-5600-4df5-908e-7cd7d475168d,2025-06-02T19:16:52,12
b6876963-326c-4a96-938b-c63306a3a60b,62269bef-16fd-4788-987c-22371a8d2a20,2023-09-13T05:09:42,53
a0e09d8f-e06b-4062-a189-d10ec98937cf,a7ccc640-e120-4705-b0a5-f1fb4cac4bc8,2025-08-31T06:15:07,83
409f047e-e4a9-4b3d-a2f6-495f3aa6b522,869482aa-6020-4202-a749-530531789581,2024-05-30T12:06:56,39
e2220aaa-584d-43be-9e46-6fe93bb6f2e6,6374d939-a604-43b1-9f1c-fc6bd6efa6fc,2025-06-14T10:31:30,98
f840d7a4-4eee-4131-b277-2e787197bdd4,15b6c4f2-9e9b-42d7-8521-083b87aa1013,2024-11-13T09:32:55,62
80ac324c-70e9-4419-9a0f-b47a4c8f048b,7f1d53eb-1697-4c1a-976d-5dd20ea0d111,2024-12-05T20:10:56,81
86ec0930-5baa-4bd4-b4b1-d6a5504ebb01,1f70f9a7-c4b5-4d40-951a-ef072195c551,2025-09-19T22:33:06,84
3f1603be-8ea7-4c30-a5db-40880172a4f1,349281f9-d198-4be3-9d2d-bd8603186093,2025-07-04T10:23:59,83
ff500538-e8cf-4ff7-ae07-a3fd1e478107,f7b34535-ef5c-4bbe-bb13-b5b0ecec83f9,2024-11-24T11:33:32,8
07263f58-7ec7-43d0-b3fa-3a836c0be700,83676993-979e-41fa-a294-882671e52bee,2024-10-06T20:32:21,23
b8126f6f-36f2-46b2-bc1a-97e191be780e,f3f45319-972d-4b4b-8132-ff42573941c7,2025-11-11T05:42:17,52
839d5633-0a15-40c7-8882-805877f5c344,9b17a461-c7e7-4e47-8572-443473fca799,2024-05-11T19:21:42,15
d93963a5-c808-4f80-8e0e-3db5704b3675,7f260834-19f3-4e66-ab1f-5c187c5c14a6,2023-10-05T00:37:57,66
bf48b91c-95e5-472a-b245-5cb82efb1cd9,2f8a0703-eaee-4bcc-b1b3-ffe0efd7f818,2024-01-10T23:14:01,96
8719100f-d316-4a1a-8c86-8f53b25bcdc9,801a5592-0f72-4c0e-80e4-fa4424e7f109,2023-10-21T06:17:53,69
b79f1b3a-b557-492e-9022-6b3a84a97cc0,d469a5c7-8865-4c2c-b12c-afbe4ad116d6,2025-07-04T22:25:36,89
3d4f3c28-9add-4a75-a05d-2928fe2a27ba,45a72d59-bf01-4c44-b62a-3218de2a5897,2024-05-22T16:03:32,99
c0382259-01f4-44bf-954d-ce4057d34345,4a4868b7-e943-48de-a6d3-c72fcecdb080,2024-07-09T04:02:33,48
3b6ea7d7-f56e-4582-9728-6e1de28c70f4,c64f956b-6c70-4bcc-93aa-14dbe1e733d5,2024-11-06T20:45:09,72
9690809f-a269-48c1-9d75-f3dbc07e2ff1,94d5bd87-aea0-4f3d-8a59-c3eed8e004f7,2025-04-04T08:26:31,4
71ab99d5-96cc-47f5-8d62-79a20dc6ecca,db65f57e-14b5-494b-a697-9c7c123e882b,2025-08-19T11:05:28,6
ea5dc6a9-f19d-44ce-adda-b867a006c045,e4e7fc52-f376-4c5d-9805-dc1b1b74fc69,2025-04-05T19:59:35,56
74777ea2-a3c8-4092-b9db-a810eb9987de,6544e3ae-4513-4ea2-963b-a2e59fec9a21,2024-05-10T08:25:01,83
22660177-5275-438f-8910-640daac171ab,3fcca70c-5e3b-4edb-80bb-d39825a84ab2,2025-03-28T01:49:19,67
c402ff22-2a09-46f0-9f7f-4ecd9ce013d9,50eadb0f-9349-4b10-a4b3-763f81d77ce0,2025-07-24T02:03:39,4
aedee72b-4094-4ba2-880b-659b85373670,b0a05f20-ff72-454f-ba30-aff1500d28d1,2023-04-05T18:29:19,52
bfc8aa31-7635-469b-8e1e-354bd177ad2c,75bca181-bd99-4209-b2c1-a4718911c14b,2023-10-19T19:54:48,62
3e987ecd-3f00-4cd5-b881-80ad27e634d5,dbcd7cea-e4ba-42c6-b5ac-2f2d9c9b4587,2023-06-13T01:02:43,93
ec4095b3-0d79-47a2-bf44-a5ce51123409,8aa70a11-736f-4c1a-ba7e-b08d7a56f1fd,2024-09-05T23:55:59,49
c025a65e-5205-4062-ba68-db41ca149648,dd2fc2a2-abfc-4b7d-b2bb-625e5d0299a2,2025-08-08T12:34:12,33
8cb42f36-166b-44a7-a00c-7cf6ac18548d,5f12653a-200f-4974-9e31-bec7024bb0d7,2023-02-01T22:00:55,41
3126e4df-fd43-499d-9b17-a8c206c831cb,a05c82da-668e-4e4c-86c4-4736aac951df,2024-05-24T01:27:15,81
3bbd3525-f3bc-4053-9292-997a8e6c3818,8dbc042e-b909-4b56-bb34-8f8feb41637b,2023-01-08T06:37:03,47
d716ee71-701b-418c-af5f-84ff9d508a69,292b2022-b269-4fb1-9683-96196100006a,2024-01-23T17:12:35,51
097f97c0-d40d-47d2-9c10-c00f1b79200e,b0f3af5d-9977-4e35-a06d-af41cc38d71c,2023-06-11T01:32:18,93
192ce946-e04e-4134-adc0-a18fc861611c,8c8f22c0-cea6-4dad-aaf4-366c00363ad3,2025-02-06T10:47:25,62
3e8a73b3-0588-4315-bf41-50a96373223c,42d4de1c-c271-40eb-b9be-ab9b5292947e,2024-08-24T04:20:02,57
6c5000f8-1804-4f27-97fb-72da603e669c,722ed2a8-196a-472d-9a35-32a5f9d03747,2024-05-15T16:26:26,19
578de171-9f4c-4b13-8ea4-13394fa8212f,c11f9ee9-8030-49d4-a9cb-2f82152ab478,2024-10-19T13:18:27,21
f63dbc1f-ab83-4150-a284-6ab5cd8a1ba2,c64e26f0-0b1a-4474-aa83-6a3f5f32889e,2024-02-13T21:55:15,83
e84eb4c8-3d89-4373-918c-222ba8828021,359318c8-ec98-4388-924b-55086f118901,2024-05-28T18:54:24,80
a2d6be88-854d-4e91-9ade-e5811e959d46,3c4469e1-835c-4e39-b8d9-777e6f0f9d90,2025-11-03T10:57:50,89
375d859a-7e76-4f13-a253-09be5ff1ed6c,b1b876d1-63c3-4655-bc89-4beb1a107fbf,2024-09-23T18:32:47,30
bbc430ab-c71b-410f-ba7e-c88b999d496a,0bcdbe80-bc52-479d-9d47-01c82362d578,2025-11-01T00:47:41,29
5c576e62-3fdf-43d1-b7a7-e6adb719373a,507caa3b-a76c-4532-8463-4f56c8b5939a,2023-03-20T16:52:45,93
31b1786e-7f39-461e-97e7-ce7f3e0c3e63,e9ec0e3a-3a81-4fb6-b110-2b8dc53e02f7,2023-07-18T03:32:48,34
8962dd0a-8262-429b-951e-647f8020bb24,a732c27e-40d3-4b19-9c1b-5abade083546,2023-11-21T14:28:11,29
35380010-4884-4e98-9123-4075f9e5f9c4,b756dad8-ec48-4429-a666-f804a9615ee1,2024-08-08T17:22:38,14
188c9ff4-0ae0-47c1-bf43-3e0ae4aa46c1,e104b70e-7046-4fc0-8041-c0358c5a0c96,2023-12-25T11:19:16,25
c36886ce-f00b-446c-8a6d-59f3b5017e6c,893bfaf3-f5c7-4ebf-8188-bf36172d7454,2025-11-22T01:36:29,28
b119061c-097f-41a2-96e6-441424b45efc,a966cc8b-497e-4163-9fd8-b4dca2fb33a0,2024-12-31T10:42:46,72
362984db-ae4f-4044-af9e-2b1f72bc9818,e71978b6-3554-4593-8077-1a45c6de178a,2025-03-03T21:27:17,39
66c54bbf-947c-4fe1-a6c7-76614de93385,4b4db54c-781d-45be-8af8-8a17f4f2252e,2025-07-17T21:53:14,25
56231ca0-4aa1-473a-8865-19940a7b8e20,0b84c79f-e7da-4640-8ed3-3014486ce2aa,2025-02-03T07:08:56,88
0e568139-d648-4685-af35-2da2595927d6,447541a9-fc47-46c3-a4f7-7913f70e0ae8,2025-04-18T03:40:12,8
65813c95-d3c3-4532-a8fc-74bfb3611018,757f2f4d-c2d3-4674-a770-02716e304c4a,2025-07-10T00:38:41,23
2fcfa96e-ac00-4a4f-bfa2-641d6d373b2a,3d1d1675-c32f-4f80-a034-63701522849c,2023-04-19T12:52:26,81
3be49259-b6c3-4636-92c4-715af4b442e8,c2a3f041-720d-48e5-95e6-9607523f9737,2024-06-02T22:23:06,46
49cb1060-3385-4d73-a8f6-dc4d67e598b1,f0f97a22-16bb-4f66-a84f-48fc46eee417,2024-09-16T03:22:06,86
8b76df27-50fb-4044-a868-85a623569940,b52a2cba-1c5b-4db7-a647-7962471bb26d,2025-08-08T06:03:21,19
588a2b34-9de6-481d-a13f-cdda801376fc,73d34904-691d-424b-a9d6-30ba329fec03,2024-06-29T11:59:39,2
bf9edc48-ecbe-4e79-bd1f-dc8487acf84d,62a6df50-53d9-4915-a059-ed24d2c5c5c9,2023-03-20T22:38:40,59
57ff60ec-c8b8-4a9f-8845-eb854c2d2f28,c63663d2-3bf2-44da-b173-8cdda9484bfa,2024-03-28T04:01:37,77
e1142ab0-a04f-4cd1-b0bd-46ca47b69fb3,c51280ff-8157-4489-a0a7-7f8229d5eb82,2025-07-18T05:26:55,79
b194f223-5cce-4e49-8d60-e562da336235,8742f499-8282-4eed-9594-26247c12fe31,2025-03-11T08:23:27,51
9727904e-100d-4e0b-bd4a-1b9094590988,6d1abaff-5a5b-414c-a13b-366ec61b01dd,2024-06-18T21:14:30,57
40b09f0e-7c68-425f-8413-74baf3370481,c2fdbfaf-2800-4774-afa0-de8758901350,2023-03-01T16:27:48,38
4fa7e3b5-e6e7-4f84-81b0-4bef83c94f89,185f6f07-709a-4cc0-90b0-5e10d96ec675,2024-07-05T17:40:07,20
b86619fb-5a0b-4c72-a913-736d940d54c2,938ffb2a-b94a-4e0f-a8c9-4b26e7b3ba6c,2025-04-17T08:50:14,50
337dd0a7-5a55-4a7f-82fe-d263c81a6698,cbda9cf5-d1a3-4c30-a137-63faf1f407e6,2025-02-06T10:48:26,17
c80b4794-3439-49d1-98f1-8cdb89a5a40e,0531ae81-7d4b-4622-aaea-1770becf4448,2024-02-06T09:01:25,5
282f58ae-dcd1-488f-a6a6-62ccfc10b257,5678b9e5-3fc9-4f5f-b99e-a5681986b7be,2023-10-10T07:23:57,60
41751450-e947-4f78-a314-7fa66ebdd865,8ec62b5c-10b6-40f9-a186-378326146f22,2023-10-02T06:30:41,9
2caa093e-e8b8-4d1a-968c-0d016a04f73d,7adececc-74f8-4119-950b-afc1eb99d17e,2024-06-18T17:36:48,21
c0e9ab0a-fccd-481c-bf81-f6959de8e931,3e793688-4a4a-4bf6-a968-3e3e2c6efc43,2023-12-12T10:05:08,62
cd56171d-be3b-4b1f-940e-cfa2d6e691c5,070fc8ec-fe0f-41f8-9f27-3d698996690d,2023-12-01T17:14:04,30
8faeae01-46ac-47fd-ba5d-afb85cc80be9,fa9347b4-21d1-44a8-a3b6-be734c194fe8,2024-12-20T23:00:09,62
c7ed6eef-c060-4a00-8903-103338781b11,de8d6158-be4b-4ca5-b557-ad6da9397255,2025-03-03T15:49:27,15
3cff061c-0546-4926-a081-aa7954be96d8,c8b0522f-44e2-4059-9356-75ac1b4c121a,2025-11-21T23:53:54,22
132ea9de-34b7-4eb4-aeee-dd5e8664f2fe,13720918-63c7-4a3f-ad36-70a089e2c88d,2025-02-05T01:26:46,48
a4734354-cfd3-48f8-b97b-71b6d7d5d390,02abe231-3dc5-49c6-82a7-dd25905c0760,2024-08-30T23:50:01,74
66abc747-170e-4458-af5c-8778b39908d2,f993b7f1-86ab-4107-8a9f-90b738718ff8,2025-06-09T04:39:01,36
b2312578-9e8a-42e9-91b1-91ee5f180d8d,b96339aa-8e32-4558-b354-94aa63db4b3f,2025-08-21T07:44:06,32
2ceb1309-2a1e-43d8-8541-acb9dbcd6744,97754a24-94a8-4829-9a36-4925e38d0e8b,2025-06-25T12:48:07,59
b2ef04a2-57ce-49dd-9750-af0949c19f93,976f0a6b-225b-4021-b34e-48d169d150f5,2023-04-11T22:26:39,57
443102e9-44da-47a3-b661-408f82b89983,44eecd41-f5a7-4afb-8621-dce08b2a0bdd,2024-08-21T17:26:34,92
e265ebe1-8f0b-4ed0-bde9-8dfdeeb67153,06c3d77f-52b4-49e9-98ba-a3d54a47ba24,2025-01-28T22:16:03,64
652d4c96-48cf-4291-996f-ba4a54cbc422,dbd5b7ec-a28f-4972-8576-28e3088d1a81,2025-02-09T15:15:19,95
3911e5f4-01f7-47f6-ae0c-02c4c6d6c8a6,3114ad8d-f338-4d3c-a008-3c8cee90ded3,2023-03-25T08:04:01,70
495b0442-5562-40ac-b171-7696f48295cb,1a0b40f1-c876-41dc-b7bb-fc9926eadc49,2024-04-09T13:04:54,97
8e8668b9-fac5-40fd-83c7-fd278668c953,f26ee4c0-965c-4c89-ac5f-a23382479a3a,2025-05-20T12:08:55,66
336805c9-0f90-4f30-97d6-3f3fe7f13858,02d3a89b-7abe-4e79-9ab1-49e27840bf31,2024-09-13T04:31:30,14
12b45476-21df-4c0f-80c6-834bbc8ab0da,598f0ec3-f4e0-446e-90b0-39d9ed229814,2023-05-04T01:48:15,29
f4806425-ac1e-4311-960b-c3a4f7ad66fa,1954e2e1-34ef-428a-8508-5dec46399fa7,2023-05-01T15:47:53,69
9aab784b-12af-467d-b109-2cce027fbf5b,b9dfbf75-4105-4ff2-9b96-362e3979e598,2023-12-28T07:16:22,49
3ac59404-4820-4b32-b99f-79cba0d091f6,09e2c38c-724c-453b-8459-9e07bd9f819c,2023-10-18T02:26:45,53
147ab37f-e65b-4690-895c-64eca139eb74,1e24ead3-f0f7-47d9-ba61-556ad45f8443,2025-10-25T14:58:17,20
6c52882e-af93-442d-ba84-3945e316d1f8,84726be0-d432-4334-a8a9-c5a53a78a00c,2025-04-20T05:22:53,79
5ae4958b-aa4a-44b1-a330-8ae1c5c6c09d,68b367ac-a59e-42b4-a844-85d49972f5a8,2025-08-16T12:14:38,46
3a0c0213-b406-4bb6-97c9-422244a0d6f0,2e7ac47c-c254-408f-b5cb-e691a8a3517b,2024-12-03T08:49:41,37
c1cf3309-97bf-49d8-988f-8d3f8ea0e6db,d91ae222-27d3-454e-a4a5-2dc551097779,2025-06-06T16:29:00,57
b7e7303e-6bb1-4dc6-8bcd-239e3f30e1b6,fa3115bd-d818-4096-a8f0-b92209fa1c85,2025-01-09T16:34:19,22
d4bf6c3a-4881-4aef-b753-8fdaf4acc16d,d3b69488-7794-407f-b212-b55f2ef3a06a,2024-06-12T20:23:37,93
f11e006c-70ca-40f2-ab0e-280c6185a60e,44bf2d6d-545a-41ae-92d9-2adc8aaaaadd,2025-09-10T15:58:55,7
7c67412b-bc28-4ab0-9f33-106968956f88,0766b01e-2223-4274-97e5-c5af7b837e95,2023-06-22T19:14:29,66
6174c5f9-0194-4776-bf1d-93ce7b4e36cf,c82b3088-e374-4599-a070-c78c288f0ddb,2025-05-08T18:33:23,95
2808b74d-aafa-4b59-8ced-c29a6a6fbc71,47bfa6ad-e377-45ef-be5d-a26994ddb76e,2024-06-28T00:38:13,19
f55e9ae7-fe31-4c47-8a6e-be0ded4ca60f,61cebef6-24cf-456d-85f0-27ed7111b2e1,2023-07-22T13:00:02,2
b9a1948e-3ac0-4216-81af-4cf04dd84301,57033a2f-c590-4e46-8ea2-c6d91eb1f215,2025-09-05T22:23:39,48
178eb0ee-bc32-4c6a-9e05-9a3680044b5d,12f62c66-c6e2-41c6-a99c-73db5759d979,2025-08-22T07:35:55,45
1a550dd3-97b5-4322-ab68-ab2fe8a66abb,afee4cc5-c1e2-43b6-aa91-cfd2bdceb47c,2024-04-24T16:20:53,84
89bf84e9-d619-4a7f-a446-1bfc4e4bcff0,ab03619d-46a7-45b6-8335-a1f1ebbd45a7,2023-03-31T18:03:42,23
4434db2f-1980-4f4c-8adc-4108da436827,8b6c49d2-260d-4239-918c-ed3e878a0467,2025-02-14T13:53:35,82
d7cd7cde-5533-4211-83b5-7ea826389112,ed765726-38f7-4e94-bf61-97c658a633e3,2024-08-23T08:41:22,61
692f37f4-13f4-4c1d-b83b-c1ef86bb19c4,12ef8b69-ef06-4e68-8892-381ffbd8387c,2023-05-15T09:22:25,70
399da92a-1bcd-4c3d-a8d1-b249466bd2e0,84999963-2b21-4de5-8062-9857d97f48b4,2024-01-30T00:49:10,14
f1b6cd53-acba-4331-96de-0373814ea89d,6b53af36-4094-4973-a1c2-5b972b9d44cb,2023-03-24T21:25:53,87
af301107-7cb1-46ce-85d1-43c4d719de3e,9d2b4a38-b7cf-4307-a0dd-36333b8404f0,2023-02-04T01:52:34,55
223aa47e-4825-4af6-b164-f519a78be81c,a7e4995c-7b48-43a0-b4da-dde8575b0012,2024-11-15T20:21:04,48
eb64cd12-08d2-4c7d-b219-4cab72fbe33b,66b7ce9b-cf28-43cf-ac3d-8c630d4306a4,2023-01-15T21:12:58,75
4c298ac7-3df5-4a1a-8317-63cbbcac6440,265d291b-fc11-4788-9e87-76e5a5d0ffb0,2023-05-31T06:26:41,82
3afa7d5f-52d0-485a-8e59-377d6dd93d8e,0599635b-4c39-4cdb-8cfc-f280e894faa4,2025-11-17T19:28:37,28
3160f813-d6d9-4f8b-8591-59efb9c5bc16,f834a5c0-4971-401f-a314-a1548d57172c,2025-07-18T20:30:16,96
ede254be-b402-4cc4-afa2-7ae8b461d749,0e0707d1-b3aa-4055-b2cb-12a90e1292c0,2023-07-20T19:23:53,88
4c60268d-8d5e-4d48-9867-71e7df8a0f48,704ba92d-57e7-4040-8f70-af9546ec18d8,2025-10-06T10:00:49,72
51fb6c2b-9536-432a-aa53-5964f6f50b42,7ce46cf0-d412-4b74-9093-a95dbe31fa1f,2025-02-11T21:41:44,1
a86756a2-c1e1-4dad-80a8-10554ea7bc8d,fb7779be-91c6-44f2-8d28-2d8d2c53e01b,2025-01-27T14:09:57,78
e4e3dced-7377-48f3-84f9-b84a6dfb8c29,b49f56dd-6d45-49ee-8c5f-ff557b8b7996,2023-11-23T09:15:03,17
b8cd5f06-bfea-4e49-80c9-25492adf5b48,fc8c3ec0-0208-4b43-8a0f-366978ed3951,2023-08-25T16:24:17,77
d4069935-efe3-4f77-b288-67a4043529c7,848aaaff-2a9e-435a-bade-b9af12a0d804,2024-01-08T10:41:43,54
48e57ac0-ca24-45e7-9701-b8b84b198660,7be72864-fb1f-47fc-866a-fa496995bc80,2024-07-13T08:47:31,61
2384c1f7-cf30-4f57-9645-f2dd825598f5,0669d7d7-f122-4141-b2cb-8be5920ffc3d,2024-12-19T04:40:36,13
29294594-a3b7-44c7-bea6-a270ab1afae2,526c40c0-43e7-4c42-887b-f3dec98cbf5f,2025-03-15T21:04:25,2
ed7aa01d-1690-45cc-b6fc-611a28beb0b7,247f80f2-add3-477a-9019-a144c48df405,2025-09-15T13:35:22,66
e14e4600-b51d-4cc6-b867-9bd99f56c4ae,c6dd5956-bfb1-4c1e-9aea-7b8d8cf5b190,2025-11-05T22:38:22,9
d387f489-6868-402e-a933-c20b79681266,53df4dac-ab3b-498d-821d-794a650192ac,2025-05-19T09:07:03,73
aa2ff604-41d4-49c0-add5-8502ccaaeb6a,d110197f-5ae6-46fb-8b03-3017ddb59d3b,2023-03-31T01:32:40,95
6a4979ee-2a0a-454f-962d-8979fe001018,1a6714c5-dea5-4b5c-9c99-ff2972e88d07,2024-09-06T04:12:53,100
80de70cf-041a-4374-a42e-6afa3f5394f6,1db43307-6ab6-4794-b4fa-ef3a3dfcf959,2023-01-10T13:04:19,20
770e72d7-58b5-40a4-8f63-a6d977c62c42,41c988d8-9198-4cfb-9e04-0677a95e371a,2023-11-15T06:20:24,57
310a68b7-b6ec-4c92-8298-0e73df47c7c7,404b5c07-724b-4479-ba50-60afa3ed9c3d,2025-02-22T10:07:32,49
265c0abd-d746-4d19-a084-199ab4f8fded,d0cc06d1-3cb0-4454-b6f6-3407a78ec3c6,2025-08-10T13:24:09,38
431a6895-636d-40f4-a3c0-ac02501e1962,413932a7-cd2b-4b62-a74c-bbe222b2922e,2025-08-19T23:33:07,91
c6d7e705-33b2-4b41-bd41-e44bb6afa79e,6ebb4416-8643-4792-9280-b9178cde948e,2023-06-27T10:20:31,71
115b2a63-b761-4f6b-bc7c-c14236b0a6cb,7edecc49-2403-4313-bd94-f45a5035ba14,2024-06-07T04:34:21,28
36f5f206-222a-4e1f-973b-98defd04da65,672ee536-bbe9-495f-9bba-8f609c16a3a8,2024-06-18T08:12:15,76
d043d228-629a-4328-9b61-6d6da11118be,5cd20961-82ea-4e23-8402-5a8475c9d5e0,2024-02-28T17:36:09,41
076d5420-af65-459d-9a33-4ffd645e2d11,0731d505-5a87-475c-929f-c737afb9b5fc,2025-07-24T22:34:10,67
847c00c4-77d6-4293-b784-1f018d2488f3,baf66fc1-0ed2-4615-b122-1f70e32ad400,2024-04-22T08:23:32,46
f2b8a5fa-26dd-4eba-ae77-b5bca2b90b4e,788c0772-7446-4353-9e73-5ff248eca704,2024-06-20T20:15:22,62
ccfeb67c-c63e-4d97-873c-05a61fcf1128,df6976b7-7382-4312-85a4-238f79cd33b3,2023-10-17T21:04:03,5
9c7fe6e7-7b6e-4da3-a2b2-3150a911b697,9b5c08ab-b3b5-40f5-8259-d9429f2374ec,2024-03-23T04:10:50,98
a6b4895d-6700-44f5-b733-e28fdafec13e,2438dbc6-07c7-4d09-90f4-f4cedc1954b1,2023-11-02T13:42:10,60
97dc6ae0-74ce-4f17-a8f5-b37a81b22441,544bb6d9-b8b1-49b6-8651-4615d4bd2374,2024-12-18T23:49:03,52
6768494a-da92-4f3a-844b-bb95e16b3d03,e1e1b14e-f485-477e-a524-e041ff7f0b52,2023-11-28T21:50:28,62
6f290f3c-b214-4b72-8e5d-d2c8587fd112,40d9c124-947f-44d1-b149-7f626efca8f8,2025-06-11T04:15:49,83
dcf4a9df-b029-479b-9b90-38b158561485,3006d3d3-574f-460a-b5f9-097d1220663b,2023-04-16T11:57:55,71
9c2a555e-d676-4e41-a456-dc4d28b9ff65,2940ed85-fba1-458c-a176-0d886aaeddbf,2024-05-02T04:21:11,74
d3b4ba6a-e208-4991-98f3-abf06c3584d8,e0802462-41fa-449f-95e3-680ac10d4d34,2023-10-23T12:40:48,72
c915fd65-7991-4bff-9bbb-210e213cfef6,733bcc4f-b36a-4b78-bf68-72a656877ab5,2024-08-24T08:29:25,28
a3781b55-3c93-4d59-a49f-52a4925154bd,3bd4614b-b789-4e94-8e44-d7ac07c997b7,2025-08-07T12:11:15,69
a7f4aef0-46fe-45b1-a78c-d46fb830e7e2,c382a01d-29ba-4e4b-b545-9c4287780cb3,2023-07-31T11:13:55,77
541d3735-c39e-4ba0-98d2-1d8b3f480036,7ddca775-b0cf-44f7-8de4-baf736375058,2024-12-08T16:10:54,40
3aefa95b-dad1-4ac3-bfde-a0aa75ccc9a5,25f705d0-87ef-43cc-a244-ce856eca5d82,2024-11-26T15:59:16,90
d6aa8524-c6d9-46ab-9614-69103556f984,b8845b0a-3939-401e-8e3c-abf8b00be176,2025-07-12T05:00:24,26
1422e9d0-21fa-439d-8100-04b39d6134a3,b635e7cb-031c-45d3-844a-afc29842627c,2024-09-07T05:24:37,6
42407c58-bf64-4ee3-aca0-894bdec9edb5,38942633-8cf3-43ef-b48f-82f31b33a578,2024-07-23T05:25:58,55
ed65a34d-dc57-4991-b921-c07fa6ab9178,4d305d99-5f0b-474a-8cc9-ac33f6159fb4,2025-03-19T14:15:28,84
eb1852c5-7a0d-45a0-92f2-625dda8b28eb,85dc8a85-6f89-4d8d-80b5-b0f5b15b0b9d,2024-06-27T19:06:21,38
c45d3a72-200f-4013-9ce7-257f56aa2dbf,30172c99-d6ac-47e1-a52f-a25491ae5fd5,2025-04-14T12:26:20,60
3221f4f6-fc9e-413f-be81-3eb6c5ddf58a,dbbf8070-68a4-4647-a39f-62a7184c9e71,2023-08-28T22:06:32,5
9e5e49f0-7802-47b9-8d63-a7ebfa89c3c9,5beb8b55-28c5-4d84-b06e-ce19298dcf50,2024-11-14T23:37:03,98
ab46cbc0-77c5-402c-81c3-07fb52ccee49,d6752d20-5ab8-47f7-99a1-fe67ae0ccad6,2024-03-24T13:39:37,9
7b09110e-5584-45a6-a0ee-0b52be3e1edf,8cd6cf8b-cbae-4c87-ae72-6338be520480,2024-04-03T19:36:16,23
727a4461-5203-43a9-bd83-f119df2f555c,57ca9a7e-ae81-487e-981f-aa7eb88fdb29,2023-09-24T14:51:06,37
1bab41ec-c1aa-4d65-9d4f-fad49bb6fcd7,91c501de-6a06-406d-89e9-b70c10cea9ff,2024-06-08T16:22:04,18
a7239a46-3524-4732-b21e-6dba866585c5,fff790de-322c-4a0a-ad6f-0d3acf95d9d3,2024-01-23T09:49:09,39
d6d49852-9b8f-4a3b-9c3b-0b83404229a8,e819670d-d036-4cda-af75-9294580c1ce3,2024-10-10T11:50:35,73
58ae3b5e-b3b8-4bc5-96b2-0214519d0aed,3200e289-4301-454d-ac40-4b4082e71b6f,2023-01-06T15:28:00,61
1a305df5-2726-4963-b6a8-62c016289292,98070be7-4180-43aa-9606-f53bf29b847e,2023-07-18T20:17:23,86
7d1a6d22-3a81-4327-b386-96d292902ae1,34bea44c-3a38-45d4-8509-928d58b997f7,2025-05-10T18:57:58,74
04113ee7-caf6-48f0-94db-3e790564f879,8a8814ab-e6ea-49bd-9c40-905f4244bd77,2023-02-23T03:49:32,92
b39ec375-9349-4c5b-8ebd-cd85b1bfd0f2,4890cba7-a067-479c-9282-05e19be3e2f0,2024-07-25T17:04:55,48
356de764-9275-41cb-8288-7947934d02bc,063154d1-d0b9-4da9-88a9-42e06c5f5c9f,2025-06-29T06:13:00,96
4b1b3d1b-197d-46d3-bdd3-680c55d8aa59,4ef9af2c-0600-43fe-8da6-b9eef1565709,2025-08-19T04:52:53,26
645e0cb0-4eaf-4b0c-88db-2c5c137a1873,32c29456-6f38-4030-9fc0-42e4ae861765,2025-02-07T03:12:38,16
ef352e6e-b55f-4dc2-a52b-451f2a906ec7,d70ef5d8-af1a-4e20-b67d-d8b5d07cefab,2023-06-23T16:24:42,88
9ef11937-b027-470e-a10f-97c33cb90a5c,d26f7e8a-57a7-4a82-bfed-25bf2f7d11fc,2023-06-09T06:07:23,15
c65f9439-696f-4b08-ac9b-b79a27ebf951,4fd94bd4-2cdd-4308-a10f-1bd63038be16,2025-01-30T15:34:14,74
466cd11f-d88d-4492-86d5-77cb19c2815c,e7fb3831-9c17-4cf9-abc1-7c3eba57a206,2023-01-30T14:22:49,43
0f253843-fc92-4ba9-a549-825530073e69,afd4c2af-fff9-4401-b5ab-732942163179,2025-04-27T13:44:00,25
a06fc280-10d1-4c62-b5f2-74362422e625,ea9d429a-1cc6-494c-aed0-db40a3d95952,2024-09-25T19:03:12,53
df38e7a6-9233-46f7-ae7f-78f3398d7f2f,76aea9b3-8d68-4ec0-b2f2-ad23eef4e93c,2024-03-25T06:16:39,94
f1298180-912b-4ef2-b4c3-157a5205f559,c2804ec5-19f2-485c-a67a-a96a9e4b7389,2025-02-27T00:29:07,43
2a41244a-23d4-4bb6-83dc-c2d4ffb254ef,7c9f109a-a6b8-4c3f-baaa-ce2ba17abc8b,2024-09-03T18:18:37,31
f69db3fc-b701-4677-8103-9829d6598f25,c00aa474-2124-4c04-9d05-cbb7d39604a6,2023-12-02T07:23:03,95
1493c868-ce2f-46aa-b525-f9791af25e7a,bbc83301-8e0d-4cc4-aef9-bad6ba225da9,2025-05-01T21:42:14,87
987d5274-2ec2-43e9-8774-3444e9c4ef8e,8dc04bfa-7a4b-4e3d-9985-9b0576788a62,2025-11-06T21:18:32,86
3886b865-d010-4f3b-8afd-a58fa95cf18e,58d35404-9e7a-4f53-ba28-6cf254935b4c,2024-11-24T11:12:09,82
947aacaa-d280-437f-a4ed-16772c4245f2,e0e40127-ab53-4214-ad06-8935a004e847,2023-12-08T21:57:09,24
07c3e178-5d47-4e2b-8711-b6e31bbd209a,6e145132-676e-46e4-9348-b2442e5ff293,2025-04-27T09:32:49,33
e6bce020-f842-4ba6-9a66-ccc6ce8e6885,8730897a-bd3c-40a9-976d-2e7dd532358a,2024-03-15T14:52:58,88
718d809d-0913-4980-85d6-3d6588545e29,829562d0-ad15-4c2b-a4c5-09d0f656568e,2023-12-15T09:47:02,45
15bf8dfd-713a-4adf-bf7f-e23fb383cde8,a3341bea-d4db-4640-9acc-271ec68b7aae,2024-08-25T03:01:25,81
b1da6d4d-5ce4-4072-83f2-c9d7cc38b29f,b3054b9e-ba5c-440a-9751-4227d183e3a3,2023-07-07T00:18:58,1
ae6eff14-5538-4649-82b6-1c3e915c4fa3,34d03eeb-aa63-40a9-8e9c-ccb75365d061,2025-03-07T01:24:07,100
dd15919d-e18f-4604-b574-2795daa0a8d1,ac608f80-2f50-4336-b01f-5f65deac9779,2025-04-11T22:50:15,98
2e9c6c1b-72f7-4aa9-b149-a06171ac716d,361b8abe-122a-466f-90a3-47fe7e390904,2024-07-30T04:18:40,40
8c363797-b607-42f6-9487-59afe841eaa8,4de337fc-a9a1-46e9-add7-cf6035aa0cf4,2025-01-14T05:55:21,32
bc6301b0-89cd-4ed8-8aee-35ac150ca818,6bb1ade0-891a-4f39-a360-4d78adf8f0d0,2025-02-21T05:34:18,48
2c73fb5c-0a33-4d23-b727-d49e8abe50ea,8fc6dc11-0d85-4210-87b3-1bd2baa91c4b,2023-06-19T00:34:35,3
4b5a8de0-6297-4012-9dd8-e7ed9861508b,3192dbee-cbdc-4694-a5d7-7cad0dfca3ef,2024-08-15T05:31:10,39
8828d651-e8cd-4cfd-8b70-5f23007e6d63,1fc7f397-26b4-4b70-9ec2-07a1f9f516d4,2023-08-23T03:15:32,4
9975172a-ba1b-43fd-9c96-4208f4f8f1ea,591722be-a0fb-44d6-8f31-063425a32dff,2023-05-12T08:23:13,85
f7e073a3-78cd-4937-85e1-848c29c891b6,29be0e88-2b3a-40eb-b423-7e692ce508fe,2025-07-25T19:55:21,58
348aa89d-152b-4723-8a3a-1e1870f0a6f5,ae6c48bd-92fc-4f9d-95a7-99b018b72a80,2023-04-06T08:35:26,96
674f4b01-6e0e-4091-9b9f-72c4db432c94,4a8dca11-82a6-4c0c-9003-9cb402e21520,2023-07-14T13:55:19,35
26c57079-5590-4ad8-b486-765b2152408b,d17a70d3-9c29-4926-9c4c-7f3eff2cd431,2024-01-17T10:00:45,19
8ff24849-95e4-4195-b5f8-59c6cfbb9d6f,0809c2e0-0094-4624-a71b-40f9a38caa13,2025-04-03T00:00:24,47
a3618036-3f8f-4f11-aae6-d01cc3f8deae,523e863f-ec1c-40c4-88f7-770c7e53e9b5,2023-02-04T08:37:30,72
500c6222-a08d-4104-8b3c-cf123fe7556b,7b550a0d-8a05-4843-8e71-b8ccc7f7a37f,2025-07-23T00:23:26,4
9db6a69d-bf44-44d7-add8-862e0108dfab,919f095b-bff2-4a52-ba41-968d84571ed4,2024-05-11T15:06:26,69
b2b2a071-25ab-4986-b3f9-ca28f0acfd2c,f0e1a048-5435-4f68-b717-ca5b6546d24c,2024-08-04T17:49:04,74
c3330f58-ff15-48f2-80d0-fe984321edfd,052e912a-3405-4458-b0c2-f48521d57a8c,2024-05-20T09:08:33,15
b1eabfa3-d205-46db-ba4f-7e3e713d1299,cadd421d-f1c5-4ff2-b011-51de59281c6d,2024-04-20T12:24:17,85
9189b542-9704-40d3-9bac-c204d0d7c623,cc0057d1-c965-4984-90e1-2caee3ec79bb,2024-02-02T06:08:20,5
11475d0d-18a3-46d0-b675-054e268daca2,2ea8d05a-75f1-42df-a07e-8095ee8169ab,2024-07-23T04:05:12,41
9b739f14-606a-45d8-8cc2-3aabfc8a0dd0,514d7469-3b75-4b05-ac0d-e8b3e94a3736,2024-06-15T11:27:58,84
4b9f03c7-0d5b-4064-834a-b3421f57a437,a4317ffb-55ea-4ca7-80d4-d92627ce2cf6,2024-02-17T11:18:48,6
048e5934-245e-4916-9311-6b4d0507a764,0110143e-eb32-4fcb-8d2c-b1f4804be6ac,2025-06-05T19:36:27,26
46edd356-fcbe-4037-a732-72249c2337a1,b092a574-b393-4378-be83-857dd9eb362a,2023-07-04T11:14:32,33
94682615-908a-4d8f-b768-3e01b2f9d525,7e2cb48a-d25d-40c7-bfe0-27bc503880fd,2023-06-21T14:58:51,4
b6857bdf-6e32-4cf9-9b7b-e3bcbde7c69f,f6b85111-6402-46bf-9a8e-ee5d598e06b7,2024-08-06T10:35:49,56
3470c5a6-1908-417b-bcbb-7c85107f9fd7,8a7ff13f-e5d2-49b1-96c1-4af4ad50ecc7,2023-06-01T11:36:03,31
43807f72-69e5-42af-930c-82657d452668,2689edb1-6883-40e5-b770-d13c66d6f3b8,2024-05-10T06:03:37,9
cd030c14-f910-4877-a2bb-5b61cbd58110,f07949f4-1248-4d01-b10c-b64de1e3ca99,2025-07-02T09:21:13,87
70dff9b0-bc7e-4b0d-8828-623fb8692eec,53525951-71ae-4924-8c6c-2d5523d0ed80,2023-06-29T06:30:33,36
765ecf79-fd81-405c-aa03-0ae1e9f85107,c69cefb9-0543-4441-a60c-262e6db24a77,2024-07-19T16:54:42,28
4556a255-2660-413e-8b97-c80bb7f87e06,5a766730-d9ff-4356-8d4d-0159d613f372,2023-09-28T23:58:07,70
76554917-314f-41da-86eb-0cbf214e3118,5ca31603-2fb7-4eee-89cb-e6b2c62eee74,2024-02-21T03:04:27,15
f742e915-3283-4687-9f9f-37bbe73cb6e3,096e51d9-f2ee-4cf3-bdc9-df623743a8d4,2024-05-22T09:59:48,18
2597a7ee-9f53-4dc6-8b1f-1db8bc598a13,b404f951-96b0-43d0-ba81-9e47b138f5ff,2024-10-28T05:38:04,99
3b7e6774-b916-4072-9ef0-a49dceea2a96,81d40f4f-8d0c-4ab0-b3cc-c7cd8203c365,2024-10-30T21:53:12,14
10984b10-9aa6-4c3b-a298-01cf839ab490,6a138233-c23c-4feb-b092-b1f84ca1b0c3,2024-05-09T02:00:27,94
1c05c595-b2cc-4eb1-ad24-d794486b1864,6f3f6e48-d81a-4dd3-b9f4-e5206070600a,2023-05-02T11:04:42,65
f6221f06-3ff0-4965-8069-55253b3167da,39d4f153-c2e1-4fbf-aabe-822ffc7ad49e,2023-08-25T03:54:41,29
a90e096a-9c13-45af-9e42-10e5d5402244,f0284ec5-b868-4c3f-9f17-8fdf33b8b3a4,2025-08-09T10:54:22,68
42db9ac6-872d-4796-83d5-208bdec2b8e2,1dcde723-a1ff-49bf-b988-790f63cf00eb,2024-02-19T10:30:24,39
4a2976b9-46ae-44e0-8ab6-1f91f1489306,59f76e8a-8249-40f7-8a0e-827253d62206,2024-06-22T22:02:24,53
41dd8e73-d5d4-4c76-8711-1243886e7765,0e91cb0d-fe77-4a2e-a354-6196de4b942a,2024-05-28T20:03:41,4
6db31747-f79a-42cd-9d4e-5d27f386a589,61b19f3a-1ade-40b8-87e5-a4f65fb25de1,2024-08-19T00:58:45,33
08ea80a1-e010-4a42-920e-477bf2e37f96,85924fd0-201a-4744-8390-dd60a05fa638,2023-02-21T16:48:50,48
a4d7ec98-826e-478c-8ae3-4b2dc0c882a7,23bd4f97-4db2-4498-9a3e-928fdec91f07,2023-10-06T05:14:51,50
009fe470-d7f9-4b9f-ac57-140dd588ec0d,6a0fd254-f0da-42eb-bd21-7ca8bf6e4003,2024-12-23T13:38:44,60
54eda977-6920-4b19-9c2c-9e665069ffa1,34a421bd-3c16-493c-9534-798478d61a04,2024-05-16T21:06:25,48
461dcfbe-3b5b-43d5-9bd3-196bbc1b912d,8d28da9f-c4ed-43d3-8d9d-1b41abaa21e0,2025-09-26T17:16:53,76
24f49bad-3b6b-48ad-a439-07076078834d,acc7d971-8e30-4997-b68c-2a201c1ab19c,2023-03-05T10:14:05,85
e8037d93-65f5-4b22-98ad-2a16eba86bc4,5eeb3c0a-e0e6-4dda-a848-18e8a1f656b6,2023-03-16T09:38:44,100
0678a87e-b407-4a50-bafa-aade2a38a25d,3dbdf7d5-a0cc-4880-9c42-adb0f050866e,2024-06-27T09:10:20,90
aceb8f1e-7f27-4ef3-ae89-2c9bdc14606f,dca67788-631b-4912-bd19-d480a0da0a54,2024-08-22T19:42:24,64
2bc94a85-78bb-4f3e-aa73-7f4a4444bb7d,d55d7183-f4d5-4039-b03e-909b3adb6b48,2023-04-27T07:02:44,54
ec0e1349-deb1-4216-a48f-4350fe77e254,e394fc09-97d1-41f6-8248-87c563e63a88,2025-08-22T17:07:55,58
21d5706d-2096-4d96-989a-4b2ffc022792,9c6de9ef-2a5e-4007-aec1-423aba33c8be,2024-02-09T20:32:04,28
d0760dc0-722f-4f0b-8a60-e7a15d396246,81340321-48a8-4521-afaa-ece1d9181e93,2023-05-16T20:43:30,3
759af84d-d41f-4dcd-9b4a-0a3e9c60a990,f8f54844-9c11-466d-a91b-42f467d6c65f,2025-08-14T17:00:13,68
58c1ff47-29e3-4046-b57c-594dee145330,74bb98a4-8cf0-45a5-9196-cb482363fbb0,2024-01-21T21:15:44,18
80bec39d-47e7-4e6d-a483-24b05064fcdd,82b88b03-cf4e-454e-94cc-86a1d5440406,2025-09-08T06:18:40,88
e1c17f64-a2c2-46fc-be24-4acbef3aeddc,a4f5631c-185f-49e4-a41d-2f1ffc83887b,2024-01-09T15:03:00,63
95eb8ffb-7b90-48c4-a7da-13760b0aa4b4,721f8c27-50ae-4074-9379-61623a588478,2025-01-04T04:01:18,77
c2033bb2-007e-4a0b-a277-dbea335f0770,f0c6f5eb-949a-492f-8a0b-2a58126dd50e,2024-04-18T10:01:35,69
ed01befe-b068-49e6-978e-2c6eeee3e82d,cc88ca3e-79b1-4859-96d3-93de20c1580c,2023-02-19T18:05:33,49
52951641-7a8c-443a-8106-9683919a72a6,740a9d85-a67d-476b-967a-3e66dbdfba7f,2024-07-17T19:19:09,39
7af4d45e-c67d-409c-aa19-021df829dc41,58daa818-80f6-4d5c-9970-4942a65a6ed0,2025-10-29T11:30:00,8
7a07b0d7-9263-4ae8-90eb-6da9c3359745,822a48cc-8c33-4557-9611-7dbe6f6780d5,2023-11-09T07:52:40,46
56b495fe-ee05-4b5e-8c3c-85858525a776,28992475-5381-42fa-897f-9fa7e2a360e9,2025-03-30T11:23:58,31
cd838340-e329-4cbc-8ed8-c514ef9f4f84,37f5b96f-b62e-4188-a12c-8cad4aa6dc0f,2025-03-01T19:33:55,4
28d3cddf-40b1-42bd-9866-eef8a4ab84d3,27269bd3-f72a-4065-8db2-633442b4222c,2024-10-10T04:39:40,77
63173d4c-0d72-49ad-aaf3-563f2f92a757,fb12df7a-64b6-4cb5-bc34-913e5acd1971,2025-11-30T10:24:57,13
46a2dc65-52f4-4a2e-8290-5afa82876b1a,c24a695f-1118-4b14-acff-e00607b4a0d9,2024-07-01T04:32:57,26
fc71e048-e646-40a5-9d9f-9f84e9746220,9c0b00d1-3238-4094-9888-5e101ad9049e,2025-11-12T21:52:48,93
8a208c50-6238-4571-9689-9d05de8426cb,2f904a04-66c8-4744-aa0b-8ee3814aa2c3,2025-07-25T16:06:26,37
56d2c437-f86b-435f-8e06-fbf86dc1911a,579be5af-9c53-4070-b53a-3aff8caf48ae,2023-12-22T07:09:29,93
16dbb6da-bfa5-40c7-b1d5-def4f88e5a99,496256e6-8ef5-4efe-b709-7e5d8f6788d6,2025-06-19T23:35:35,5
7fb697fc-e8a5-4cc9-823f-6864aea44e24,495e2db5-c0fb-4ffe-9832-2bfaa4d489cb,2023-01-03T09:25:25,18
efd54bcb-3cec-42f7-98ad-db04c350ae22,626fb210-c601-43bd-9f90-d500f4a587aa,2024-08-04T13:22:42,21
ccdb3f88-b0df-4e24-b21d-95aa3ee4997a,7becb87a-8328-4f35-a069-ed5b68c6d778,2025-06-09T06:10:55,72
8023ba71-eeaf-438e-8a3f-f0006caf7b35,6c83ba85-d897-42af-934c-0329cbd016e4,2024-07-14T23:19:08,42
d8e0af6b-ffab-455c-b637-d71905b23390,228359f3-0752-4c2b-aa82-48de4d04f632,2023-06-25T16:53:25,54
0a2222b8-6640-4097-95d4-11e9482fb2db,af6037af-af84-4f44-a36b-a803c9611c85,2023-06-08T14:20:11,96
6b129bc9-14be-45d9-ab4e-cfc206f09a68,3f31aabe-fe57-43fa-b729-960ee3ce32ac,2024-05-13T16:05:10,92
c8c11532-5a11-4e6f-84eb-9d0f93fb1814,bdaec91a-5bce-4d09-9990-66108f0570a9,2024-02-10T00:23:37,3
3eb09804-ac72-4037-85c6-0a43a94271f3,cb015a9f-4b41-442f-933e-057debb78ae7,2025-03-17T00:53:07,3
3d98cfff-c065-4384-9291-a9c9cc496071,6f22e5a6-0025-4715-8809-22869b548065,2023-12-24T19:37:46,82
f06aa181-ad27-46d7-b5ce-9002c85c292b,702f600c-5146-439f-935d-f125575a7cc6,2025-04-23T13:01:28,10
9f1bc196-af8f-490f-8bc9-c8951ba573be,3b93ab13-62db-4ddc-aca8-626a4b778d8f,2025-08-25T19:43:53,98
106da5d8-6824-4ff3-a5f5-470d6c33e6e2,80f666a4-7690-4ae4-83a6-4e7f2f5957a2,2023-08-20T20:58:18,21
d156e93b-094d-432a-8e3b-2f9510e9c272,eb7c9554-639f-496e-92ab-cbf50bad4fad,2025-06-26T21:17:42,86
97582d80-10a7-4609-beeb-f58210c102e2,083ad9a7-6aa9-4251-8aaf-e4ae9900a6a4,2023-01-13T08:53:18,79
b5579b95-9b18-4cce-9b1f-e72fe42f4795,7f195eb1-4dbb-4f79-b178-6ebbc97d3330,2023-07-05T05:51:28,75
2f619259-ec98-4093-8223-e14f4967a848,bdfe0126-c8dd-459b-affd-b3a019f1d9e9,2024-12-07T06:55:41,41
b964b70d-374a-4b2a-9d7e-52024f04351e,78b29146-d385-489e-b6c9-ae940e5960ae,2025-10-22T01:08:17,38
abb68147-65e7-4098-98be-15984e74b9f0,bbfafd78-ec3a-4f06-856e-975226b6e8e8,2023-02-28T14:24:33,90
7fa7e094-80c8-491e-b8da-6e139a36377e,f2cd6b39-145b-43ca-af46-243cbcb64ab7,2023-06-15T23:44:08,98
c4ff3a89-e4b7-4bd0-8dc6-c6721177971b,2a34fb79-caed-47c0-a1d8-d9a7b04fd70f,2023-01-17T12:54:22,32
1dccf81a-68e8-4362-9dfc-e6ec6c67772b,2477fe36-9c6a-460a-aeb1-818a8047652f,2024-12-02T18:59:16,82
8d145ccb-b415-437b-a4ee-06f7cf6e44dc,b9deda7b-131f-4486-b85e-aeeddfc06e6e,2025-08-02T07:15:40,84
ef986457-8f37-4b8b-be81-c1e388138831,6ce5e5dc-c58f-42dc-be29-6c487e31e005,2024-12-20T13:56:37,5
2e14aefa-f8a2-4433-8225-e528859be384,e0613e76-97d5-4b97-a64c-e25d9a3ec06d,2024-05-16T00:20:36,100
5a9b8b94-b75f-44cb-829d-9f58b0305638,3432ea19-f55b-4a3b-a478-440bd78a2db1,2024-01-29T17:51:24,71
b56d98d6-3697-404a-8e92-17e351acd8c7,b74fbda7-7197-4719-aca5-a956fbf9c2d9,2023-04-16T22:20:31,39
4f5915ea-fcce-4925-be35-690981a3014c,4c163e3d-a6c1-41ba-bae5-cd785da4ad64,2025-06-08T01:33:38,10
ae043040-6f91-4e19-bbd7-628fddd9f373,680c1f22-fe0d-4565-8f0c-ab56491498ad,2025-01-23T10:50:42,28
1e2301d2-0442-41ea-aa63-463d1ac248e9,5f44b9f3-cadc-4999-be05-169aea085983,2025-07-29T04:40:12,59
6ec761d7-c5b0-4a04-a8f7-94a8e39d013c,61a1effc-7374-4f0f-bb84-5799b47c742c,2025-04-02T05:55:12,28
a0d0774f-a515-472b-a55f-a692222eac3e,3dc459b7-bbd2-4d8b-9a15-51fb30e2827c,2025-03-12T01:22:02,35
b196befa-77dd-4de8-afdf-a864770c1cbc,14ca4579-5385-464f-865f-84be38b1c4b9,2025-06-07T16:46:37,44
e462a869-1c3d-4a16-bb55-69e586578c73,1dfa7335-1928-4222-ae78-e12df900d1ed,2025-08-24T11:49:40,69
8b1d3699-9462-4790-b7a6-300b8b36e349,51c6c612-aea6-4eb2-8de4-0b17f2204beb,2024-02-10T05:12:34,10
f792360e-5b50-4bb4-a2a5-2051e0575c7f,501fd540-8328-43d6-8381-380de51406fd,2023-06-06T01:00:37,38
91dd5699-b27b-4fe8-b028-0b0e8b40d5e8,813774ff-c954-4461-ade6-dba44966fc95,2024-12-11T11:41:40,65
10185b11-c76e-4acf-b8a6-422a92780b1d,39388647-9f03-42c4-a170-c1a6935ff96a,2025-05-16T09:06:24,15
c9a8fc7a-d627-4ec7-9824-776deb6675f5,c690d80c-e03a-473d-bbe5-51006eea18de,2025-06-30T16:11:45,52
f8614195-87fd-4fd0-b143-3435bbb0b798,d87cab47-9a1b-4647-b138-034d8faccb74,2024-04-28T20:50:13,17
2975561a-ea3a-4ddb-8f31-8c27e20b8b3f,9596ce9c-e6c6-4a6f-8ab8-aa0c18868d18,2023-03-20T05:44:16,59
943ccada-7742-4239-a94d-e7dd50e234c5,3848a1e5-04cd-4ed7-a468-34327041b657,2025-04-28T03:43:20,51
c67287e5-b568-4119-ac65-2ea62fde3626,50ca2bc4-72dd-415e-8531-1fab13c13547,2024-10-16T12:34:41,72
2c86d9fd-5e53-40b8-ad6f-6fdf9b351090,00449cbc-7e08-418e-9ea0-2ca647497081,2023-05-01T04:35:11,48
a6e0d171-81b4-4f36-b259-a48d71827be4,0bf6c3b9-62a5-4e0d-b547-b5bb7778d6e3,2025-04-12T01:28:08,7
d19e17bd-9d80-446a-bdb6-0bb45721938f,eb5255e6-873f-47cf-b34b-9866e68a6ce7,2025-01-24T04:24:35,12
bcaf4b97-5d8d-42ae-ae49-1ba508286d85,fa93d96c-f9d4-4319-a69a-dd08b85c17ac,2024-09-19T16:29:26,50
3d731956-d38f-4d30-9203-a96f62fff225,0faeb9d0-8458-472e-b6a4-150d1f3cabdf,2023-10-16T16:52:32,100
10784cc4-e1ba-4f54-83a4-96f05fbaf2a6,a5c9f43e-f2a6-40fd-b599-635d6fb54e16,2024-12-11T15:47:04,54
eb0bd382-3e9c-43b9-b1c4-a1b8b5b94d32,1640b8c5-bfa6-432c-b8bf-96044e05a5d7,2023-09-20T22:49:55,6
5ec72e97-094d-4a5c-8c62-68974858a8a6,9fe374bd-05ed-4778-af79-2534f2a4fb61,2023-11-04T13:33:31,74
d2f916db-c370-4652-841e-ab2648ec88dd,2e40439c-bad0-450a-95f3-ec36b35f81d2,2023-12-22T15:21:55,15
b1ed028c-e1cc-4995-896e-243f0a161716,85b33f81-81eb-4475-9dca-5266ff4fdae2,2025-02-16T03:51:47,20
cddfc7b0-13c1-48d2-9be5-de5fe61165ec,7ff24553-bf45-4b2d-a972-f5e6a9ab5af9,2023-03-29T05:39:09,49
6ce27ec9-1c67-48c3-9334-fdc8810a4bad,cc9aac4b-5211-429e-baf6-30f97bfccccb,2023-08-19T07:03:48,64
0becf4e3-e1e7-47e0-a1a0-0a73d00bdadf,2980c6c4-02f1-48f2-9a2c-cde8081aa84e,2023-05-06T20:46:29,47
0f71ce33-f0c3-4665-84cc-460388cbffc2,20c5ece4-afba-4632-a677-b91364b3cb36,2024-01-12T11:15:47,74
4e769b60-0d63-4b8b-9eff-04226d8cd83f,f7595c02-3fdd-460f-95ab-bbff784f5dc5,2023-07-14T08:50:22,76
e141dbed-f796-497d-ae4b-bcc206ced8fc,672aa4a2-171b-4f48-8c5f-5fd76db2dc93,2024-01-04T09:41:11,11
569c1b83-7367-411b-be90-e5d78f350607,df1ff49b-6dec-42de-83e6-e746cac45d3e,2024-09-11T03:15:19,67
50bc7424-08d8-4f76-9f50-adf327cf67b3,e544ad3b-1a30-4d56-8f3c-f734fcc4c173,2024-05-28T16:37:09,16
48821ad5-7fc3-412e-ad93-bce6936122f5,3625810e-a076-4a66-b604-add5e1ffbc8c,2025-08-30T15:06:03,59
e1c20bfb-c910-4746-a847-8282185d6aca,cbd3c097-ffbe-4245-a8b2-3389d5a4fe32,2025-07-17T02:02:15,62
4ec58303-bd31-4dd3-a06d-192175a10721,ba90198a-842a-4f99-bdaa-a70eba7c3488,2023-05-23T14:44:21,84
ac2a5fc6-2448-4722-b35b-00a97aa69811,a0b27674-4f96-4b0d-9cc0-e05f555e3c2c,2024-10-13T17:37:30,83
5fa01c4a-cc35-4394-af65-aa4559198151,6f9e69aa-b95e-42e8-bfa3-698a564c1ab4,2024-04-26T05:59:02,35
8f0cf821-c011-4a7d-ae01-2981471ded7d,6f0492cb-388b-44b8-a258-98d3bb119a7d,2024-02-02T04:41:58,56
3e99800d-4eb0-45cf-9bd5-64de234257f3,51aff06b-5153-4954-b3eb-bb3ea6e161bd,2024-08-22T06:36:32,34
eec2beee-e74d-41cf-af2b-2ece25987e0b,5e36b73e-7297-40f7-81f1-5a893a404801,2023-01-26T22:51:28,88
bf040b5f-9f3c-4be8-b893-237c58459f13,779fbb8a-e08b-4669-afbf-a26526dc329a,2025-03-22T03:07:36,66
8f897cfc-0ecc-48fb-8387-515a1a010340,dff42f56-6963-427c-983f-024909a07deb,2024-04-29T22:52:29,63
4d6f3184-1efe-4a7e-b9cd-7a903409c748,b75144c5-91ed-44fe-8043-299949f00c73,2023-07-07T14:06:32,51
4d4cf1c7-bbaf-4c90-b177-d0383c94b3e9,4f0429c9-dd4b-4aa6-9009-824fc1cc7bdb,2024-06-19T18:41:26,56
b81f1eea-eaec-4d5d-96f0-b9acecf2d931,69ec4b2a-10f7-45ba-ad4e-92f638c6d49c,2023-06-05T21:27:44,56
15c17f06-6c1c-4e86-ba30-0327839b2941,f365b534-d9e3-44c0-9b25-9284b04502ea,2024-02-08T08:21:54,39
3962d8a4-e422-43f7-8833-809957ec9085,accf3df7-7380-434e-974a-ef014a602ea0,2024-11-12T01:00:15,23
6268946a-fd48-4eab-a7d5-5806550956bb,73fe52c3-c842-4e1b-8327-6c51ba26393d,2023-05-17T17:45:15,74
d67d4241-1ff1-4e78-9d68-3dc4618af85e,b127e2cf-be09-4f2f-9cbf-758d3ed5563f,2023-11-23T04:39:59,38
b88ba87f-43d9-40cc-8ffd-8ca77c2869ad,272d7299-4b99-41bc-bcf9-e8baea3798cd,2025-02-02T06:57:57,48
84fc75e9-34ba-4966-9ff2-e69930a2415a,97d7a6f5-464c-47a1-a526-64b13315d3bf,2024-10-18T12:35:50,38
94a7a6c9-039b-4b14-8b11-26f27849f215,9c27abf8-066c-4c28-acac-37a8f54c802f,2023-05-11T08:52:17,96
867f92e3-7948-4796-b291-9d159e44a5d2,972b8e3d-fa6a-47d6-a601-0c72ffbe9836,2025-03-23T20:49:34,44
01b43026-cdf1-46b9-ae18-166910b623c8,1680ccf8-3543-42b9-ba21-3fc4e27e1b29,2025-02-08T07:20:16,78
31c4ae0b-a974-4a7d-b691-50c5c14829ee,73431134-d6d3-4bcc-b5d2-7aa370505607,2025-09-09T19:32:42,91
bec8205d-c7ce-4d86-adb3-1cf834f9f00c,b9b50ac9-3b56-4c9e-bbb1-99d8c90a82b1,2025-11-19T00:40:43,25
e6a6aed7-7bc6-46d0-b5bb-4aa5844c083b,fb5d6325-f2c5-4a84-a389-bbc9f2ae43e2,2025-04-02T04:21:15,19
88d9d16a-0042-4830-8624-9469976e5850,25771049-83d8-44eb-b9f6-fff3862b0ab5,2023-06-09T10:33:12,7
ed2fe4fe-1d68-4335-ba76-11cd64e3640b,1972151e-1adc-4c6c-9639-27670a9fc48a,2024-02-07T15:05:36,98
9dc6c380-5c7f-4230-88b5-56b035645775,9ff894e6-dc8a-48d6-a2b7-14acb02492ab,2023-06-26T01:35:50,26
87ef92cd-a6d5-4d81-9b05-4aeeab763268,8762d05c-cf2c-41b6-9087-57588cd67813,2024-02-29T05:01:56,77
454fc752-07d3-4cce-a7c8-3c68640391a3,18794628-5b27-49b5-be14-74c8d646c3a9,2024-01-11T13:16:39,82
20278113-df50-4ea3-b040-f59b6e9a7a12,ba33b6f2-b629-4d2c-9529-b6197102bcd5,2023-09-23T21:47:15,62
cd703df4-6e01-47dd-9705-f6033dc55b49,f52af014-d7e5-4cd9-a95b-5c86ab1b1392,2024-02-11T08:02:00,51
6780bae9-8889-47c1-92ba-cf1bd6856590,54bb010a-7953-48fc-b9f0-069d764a85f7,2023-03-08T20:40:16,2
68badec0-ab96-4f8a-8d51-b9763ac03082,bd309a40-71e1-4d37-ba52-9fd8b3f7ebf6,2025-01-30T04:40:39,4
84db1b68-cfe4-4e06-9625-e8d722626cfb,e2f68997-5d9b-432c-942e-42ed23cd8db1,2024-06-12T19:12:34,8
bb8a04ba-970f-4912-a797-adc8bd7125ed,d9207b6f-cd1d-4720-b1a7-cd699b986b66,2024-03-23T09:35:22,73
ad438eb9-9d35-4eef-8294-f902515fe79c,f938c437-400b-4ef2-9089-ef39157e22c4,2025-08-09T06:34:54,44
884e6ffd-cdc0-4b64-b7b4-f00e4c2d7f2c,0d5adff6-f8c5-49d7-bc31-fb4e753efc5f,2024-12-14T03:04:20,43
595bf1e5-acb1-4170-b1d2-6637082d44d0,3d965203-b5e3-45d6-b431-b158bfd5b2fa,2025-04-30T07:16:36,72
f37feef4-efbd-4071-bb97-af59760362a0,29d81a4a-72d9-4317-ab2e-b7852b2ce715,2023-08-19T12:58:17,23
22757adf-f89f-4065-b8a1-9e0defcfba57,3ccb084c-52a4-4992-8f59-0757f138e783,2024-09-12T15:31:43,16
150a93af-a5a4-4441-854b-2eb456075dc2,738e97a5-cbca-424c-abf9-73f2dab5a049,2024-06-26T09:49:45,79
63c11e63-77d6-461b-b029-7d4c150b115e,30765bd9-0be9-4cb6-a514-f1ebf2d9820b,2025-02-05T09:10:40,90
ff0b3309-e7af-4643-8b8c-5557757bfb6a,4424c2c0-7bf1-4d9c-ad23-f22b36c70a22,2024-04-16T01:57:31,1
69b0ba1e-908a-4f96-801f-059d05ca0abe,a92af539-7955-42be-a757-71d2e903ff62,2025-01-21T14:03:06,14
02203095-c6be-4ba5-bbe0-c6a2ff7bfd20,f160f227-94a7-4ba4-b832-5baf74f6ac81,2025-04-26T22:34:46,70
7eead02f-58b9-40fb-aab4-28828293f81c,0e27c2ec-93ef-43ae-809d-526bd0059efe,2023-08-03T21:18:44,81
9453f367-a8ee-4208-a397-1baa9ad75483,8aa275e8-6a46-4c85-b1d7-4968d2290e1d,2025-04-07T19:45:51,16
80f10b50-5123-4f37-9765-498a24a6f57d,676b2609-e823-43be-898e-8a23b6e7c69b,2023-02-20T22:02:18,66
ee7a62de-b625-4999-9368-a26695e43149,f9cba018-c847-45c8-a2db-10a71a51d90f,2023-07-15T06:55:25,46
2f40d8aa-aeb1-4f3f-91eb-b466162d3e85,3b90f94c-90f7-46e2-a059-efc9d26ab56a,2023-10-04T01:02:13,76
0a0cac92-a359-4f9b-8839-a4d9e131cebb,542856d3-ace7-4033-8050-e10c0cf1723e,2024-12-15T03:04:07,65
7f01f83c-ce0b-4161-a430-189e77164fe9,a2d9273e-b0b8-4f85-9b52-002b243e1bae,2025-03-09T04:30:25,72
fb68880f-898e-4546-bca2-d8e5f8b7f24a,09f8448e-9481-4638-b383-e5b5467f27cf,2023-05-24T17:17:45,30
a3b6ac8a-6e1f-4cbf-b875-c8d894d9b226,bf0c8321-b48e-456f-899a-68e5199be661,2025-12-01T12:20:57,40
333ba5b5-dfc2-4415-a0a9-73b46a2d6bdf,6b121288-bf93-4fcb-9543-9b8616e6c022,2024-10-18T05:51:59,83
d7725c2d-3d0f-4382-bbcf-7234ab044df2,fad9772b-907d-48ce-8c9e-5893636c33dd,2025-04-26T05:13:05,50
bf2664aa-5194-465e-a3b7-c6f4085e1bb2,9418d2f3-b5c4-454c-b442-73b37fadc8af,2024-05-25T03:45:10,69
2fe529a1-7707-4b65-80e7-1de0e9c1daad,dc696b0e-a661-42ae-bf2c-26d6e0d644d8,2025-08-02T16:19:45,94
107284ff-4632-4d31-a4d2-830701902d86,6e643003-2c4b-43f3-842a-0bd9d52081d1,2025-10-22T10:27:53,48
7bc96587-e954-4a29-9378-b20dc7e3126d,6462e5be-eaf9-48f4-a751-3653a4203939,2024-11-17T17:05:28,7
3982050e-d7a5-4885-9737-74aa4d0d61c3,89724080-55c9-4686-af51-135026abae7a,2025-05-28T14:01:09,33
dda9d577-f73f-4e7f-859d-8481904fdc0a,b6fa4393-ac23-476a-8da4-9ee012da5155,2023-06-06T14:37:27,76
6e4553fd-d46c-4389-b23c-1bc214991b82,e2f8bb1f-9ec0-4151-96e3-d798192b6a3f,2025-10-15T16:34:25,13
98153c8b-f26c-4066-b35b-4f6027c1ef18,29c4512c-883d-4e0e-be9d-5d824cfe5be2,2025-06-28T07:38:24,4
159cc005-549d-4ab7-8313-d8375df1f5c5,d4b758ec-e940-4e2d-b50b-ee6c6c2a325f,2023-05-17T00:48:17,10
b2c6f929-7ea0-436e-b38b-6aed1ddcb7df,f65d38aa-de51-4eb8-b1c8-d21b4bff2dc2,2025-08-13T07:47:48,18
002c91ad-d3f5-424b-82a1-db4deb761002,015a7afc-3f89-44fc-a786-3b8df3f8edb8,2025-04-13T04:10:02,89
fac06da6-19d6-49f8-9718-5d4c27815ae1,f9ab6225-d20c-4c95-8df6-57aa86739078,2025-02-24T07:55:28,26
5d532952-6e84-4ed2-bc8a-d2c4213a8b46,dd88cf36-abcf-48be-92c3-5efa23188c8c,2024-02-05T23:08:08,63
d2db7bf0-39e3-47dd-b6d8-597c7a6265ff,801fbef2-bc4a-4a38-8112-9156043fd96a,2025-04-15T17:59:38,73
094b2875-72d4-491d-91a8-02069bb376aa,019244e2-1283-4cac-ae42-64230b0522c9,2023-06-22T01:57:38,18
66badf8e-a7b4-4f41-87dc-5075b35bd353,5248dac3-8abb-4026-885f-26e6e198893b,2023-12-22T10:35:52,78
9a92055f-bfcc-484d-8e28-2fd2c155d72b,2e3be8dc-e883-4e10-abb7-d0621a51ecee,2025-05-25T06:57:19,13
14c9505b-b564-4a45-9c7b-42d009b03a9b,de849759-ba7c-4ce7-9857-5fd206c48807,2025-09-08T13:33:02,88
a525e954-055c-446e-b5db-8a474e4b6bf3,7f9e518b-2d8d-4c17-834b-73523547b76e,2024-05-28T21:29:23,100
f48304ee-6efa-4c1f-b39c-3a6d1c5479ac,8b26f062-481b-442b-ad03-155a7011551e,2024-10-24T13:57:14,74
f62b084f-a598-451d-92ac-1e256661df2e,d455ff49-dcee-4ac0-be5a-c77e8c5ea831,2024-09-24T12:42:21,25
802829c5-7cfd-4d39-a4e9-50216d74c569,f68ccc90-5028-4e67-b4f6-eabf7f1f1c65,2023-02-20T19:23:12,58
6cb83e9d-379a-45e7-a2a6-2b654a63d08b,0fb33898-7a85-48e3-b64f-ab4b6d750377,2023-03-23T15:54:04,83
33f25315-5574-447e-9653-be4895818f8b,3adeedb4-ac83-4eca-8687-0e56a38ad8f0,2025-11-21T21:02:39,30
33ded40d-8182-493a-b95a-bce7c5104dc6,36844123-9cdd-4786-be0f-1d6c2833bcc5,2025-04-20T07:05:23,38
82efba69-b58b-400d-8513-8d47a29d72dc,31019f76-b1a1-4530-b4cc-5983b4001e42,2023-04-16T21:29:17,57
36d736d2-97ee-465f-933b-4eb2e292f02a,27cf441f-6406-42c5-b408-04601ab377a7,2025-02-27T18:39:24,99
a55b3aa2-ccb6-4fc5-81ad-43b59ac9a0c7,310b91ec-c614-46ac-886d-7473a3689c64,2024-03-22T10:42:26,84
73ac022f-1f00-4aa9-af37-e970210e62e1,fe99b5e5-8a27-4331-a859-5f26ce22f8cd,2023-05-14T11:12:50,4
8fff41f9-a9f5-4f84-89aa-8e1475c833ab,c6824b8b-66e9-4130-b780-e21e200c3828,2025-08-22T11:12:32,80
cdb7a47a-ced4-4a23-861d-b6d3255887ba,5614e81f-9eaf-461e-bb5d-6d884dbce7be,2024-04-14T02:30:14,26
c2ff6603-a7c8-4ada-87a2-b089fdf39b5b,539d46a2-e435-452a-a1af-fa35828627bc,2023-08-03T19:48:53,77
d56e5a8a-10a6-460f-bc58-2f9787265f48,3bed5f6e-e288-4bcd-85a8-b101b2806938,2024-05-04T10:36:14,38
cd00e91f-e1dd-4a3d-96ff-20c1d4431309,e4c8062c-92a6-4dd9-afbe-05eaf5123604,2024-01-02T21:00:38,26
a3afac9e-0907-4bf5-b181-c4d868c8df6b,966ead84-d7c8-4d18-8535-83326ce95414,2025-10-16T02:42:18,20
5fb9c7c4-563c-484f-8f46-0c71c671728e,812eeb2b-d20f-4071-8578-98db1aa46f51,2025-10-31T15:12:37,98
1064c4bf-1f88-43bb-b38d-37086e7830d1,c87ff3fc-2f24-43a6-996d-a709020850f6,2024-06-12T13:24:42,40
cd87df49-61ca-44ea-80c2-4d7b98acd335,c47913de-aa19-44c1-91b6-41239e2bb94e,2025-05-27T16:15:31,24
13613d75-3727-457a-a79a-cbf350c658b8,f0a52afd-1e79-4933-96d9-133735789fc9,2025-01-05T21:05:24,9
7227cad2-7491-40b3-9242-3b7c6254d8c0,8476e56c-50a2-4b66-adfd-67710f634e8d,2023-10-31T12:26:17,33
29a38d28-2cda-4012-8bba-077fcaa9ecd1,b7959269-7000-4fe1-a7c2-c68580445f4a,2024-03-31T08:23:22,8
537dcf55-7e0f-4b3c-a713-8e35f179dfb7,6168f986-0f2c-415d-ade0-8773001b8a4c,2023-07-15T12:06:43,45
61e4f30c-a195-471e-9d47-f3208ab18ce1,65884410-7fb8-4892-a905-610538863b7a,2023-09-13T01:13:04,83
fc880c1f-f209-4c39-a327-2687a5f81658,490ca6bc-7079-45eb-8c3d-972c8aa54950,2024-10-07T19:51:15,70
23b88790-930b-43d6-b7dd-52a4d6ff22e0,fe016446-2262-491d-9d48-3b83f3b01a18,2024-12-30T19:42:46,8
c18c5bcd-d626-420c-ab9c-721c065bf66a,ce40e1e4-7637-40df-be20-72264246b79a,2023-11-11T18:31:26,3
aeeb2dfb-8a1b-42cf-a116-858ff7f629c7,6bd7f4e4-5d3a-49f0-b475-b58754ff2fc4,2024-05-19T16:11:07,55
bf808d92-7f81-49ba-a197-e11abeeaeced,491cc4d9-c414-485a-92b7-bd8a1dccccdb,2025-03-31T19:48:18,31
b9b397e0-94cb-44c4-b623-042c9612995b,44782354-ed15-4ee6-b50a-59465582b546,2024-06-09T20:50:35,63
425183cd-ef7d-46d7-8d8f-8331c1ba8430,0313aecd-72df-4afc-9230-98992ab2b94d,2025-05-27T06:52:13,83
8491726a-2fb6-4d70-9b1a-b4a3864934f4,d0f7bebe-a9ea-446c-b292-94bc6efac9f0,2025-11-07T10:58:40,3
30aedcbb-5f85-4392-a4fb-9e1501df543b,8a098f25-70ab-40ce-a43f-78bf568d0d85,2024-09-12T13:25:54,61
a2975888-5b5e-4da6-b6d0-2b4f69b1e1e6,1314d500-d0b3-4080-8eb6-8e157fd5fd6b,2023-09-01T03:07:12,64
f6769770-0bdb-4af8-b443-39bf3245de0a,25d7c5d2-4d4a-47be-b460-f1c604e9f140,2025-08-20T02:04:30,62
faf5bcf9-b8f1-4acb-bacc-eae396226b9f,05dba60f-5cf8-44d8-a37e-d355d571d23a,2023-04-09T12:47:36,67
2a72e67d-b1df-4ac3-bc79-83cc23928638,f467c98c-146a-40f3-9e04-fa11b0805129,2023-09-23T20:27:26,85
d52299f1-4328-4c49-881e-aad0527702c8,80e9bfdb-7738-417c-b706-4e97ae493c2e,2023-10-28T13:59:39,82
254fb26b-e913-445f-b614-81122b946e9d,970ee7c4-b0be-437e-9678-38514ff73bd1,2024-10-06T04:32:31,38
028510b6-4785-4106-8e43-e1a4592fa0de,23e45b05-041e-46ff-84ec-8046a3a8c470,2023-04-24T20:31:13,65
c0fb377f-36be-461d-a17b-8b10b1013839,382cc818-2c92-4406-8c89-712694603277,2024-04-16T18:10:15,63
5e4a7f8b-1b09-4ad9-bc53-ca67536a2114,78831989-adea-4d24-8604-b562ece38b0d,2024-05-10T07:22:45,55
fe9469fe-4629-429f-8a0b-c952d4f3f2e3,75b485a5-f866-4624-b355-606de75ac5dc,2023-03-04T16:55:43,16
079efb3f-2073-42ba-9b4b-20c0bbeb7e16,a96ea771-a306-4e82-8015-477ee0382a77,2023-07-04T08:57:52,60
7d65a0f0-d635-4a05-b79b-1eea5dfeac7c,6c791348-82b8-497e-bdd8-033c28e10632,2023-07-30T21:12:05,46
43fe6aca-0648-409b-a626-0af65d072076,bac2fd5a-ce19-4076-a0d5-7132e79578db,2024-02-18T12:39:28,75
81b0066c-25d4-478c-9126-0106c89a0272,90aa7048-5d5b-486f-83e6-527d67313547,2024-09-30T19:26:35,21
70f96518-8222-48e2-96b2-738e5d2053ce,40993288-379f-4ff3-b617-b631753440ff,2024-02-23T09:16:53,63
5a596db8-bff7-400c-8626-2ba50e6ac0ec,89b0bd59-7563-4082-9508-bb02289413aa,2024-12-10T09:12:27,45
e995b047-6357-40c1-b2f2-c25a25a4e6f3,2148400c-6705-470d-942d-d7a01c06f47e,2025-07-03T13:55:41,61
40da0927-f2e6-419e-92a7-e521ca733f49,2855d1cc-62c5-4464-bf1e-18072e60837f,2024-05-15T20:11:29,23
ec32a6f5-246b-4525-918f-f206c6bb7b5a,da96efd4-b6f4-492b-924a-5c2860b7a4f3,2023-09-14T05:44:58,17
c930f510-4370-471c-bfc1-912b985e8adf,688f20c2-b299-4c33-b6f1-bd89a5b0bc03,2024-09-12T22:15:19,71
b9aff814-36a7-44b9-b188-914951dd1ab8,5dd0da0c-4611-42f8-a712-91e84dcc7fe5,2023-05-07T15:03:14,40
2bfcd87c-e852-4b35-a17b-7864f0639a4a,83773530-077c-43fb-9450-a99c1611ee13,2024-03-07T16:17:41,37
25d4805e-d6c7-4a1a-a124-68399a8f1124,88807773-b410-42b0-99e1-da4933be7bf8,2024-09-21T19:50:17,36
a0aa2ca5-0e45-43de-bd3d-c086cb1a9298,9f0adc15-982f-4a37-b2ca-0f1ee798e2f2,2025-01-10T09:42:36,48
7f1b7538-7fba-4e1d-bb97-43cec07fb5c2,0201041a-4c9c-4a74-8598-a926bdf23beb,2024-01-23T04:58:30,37
e1d22e51-6475-498e-a8d8-46f23024aac7,f06e11ec-ebb4-4306-9611-3291117e4109,2023-09-05T01:35:06,87
f8afe21e-3b46-4213-bfe7-5583536a94da,ce9d63f2-5dd5-47ff-849a-0015c78e932f,2023-02-18T07:12:32,25
90e6221b-2104-42a0-833a-f8b52257c7d4,f34f6a7a-178a-452b-96ff-f8a713e5abcf,2024-10-04T19:55:19,89
9e35ae88-0b82-460c-99db-dd94d3d57de7,db639e4f-136e-4f10-88ad-e0b70fe69705,2024-08-04T04:12:52,15
15da06a4-d5d2-44aa-b537-15146053fdb8,89403a16-60a6-406a-b708-85be3232ab3e,2024-10-28T07:22:13,52
20427f22-75e0-4157-ac0b-5fe097320e47,d5a4eac9-ff10-469d-99bd-61771c6124f0,2025-06-15T10:49:47,89
e19d155f-a0cb-42d0-b3e4-9e10a8d78a35,015c78e2-86a0-4ecf-9f99-eedab70e2328,2024-05-15T16:51:03,32
42ec669c-0ba7-45a4-8582-349c2739a815,7c80ef80-337b-4e8a-8aba-782c838c4922,2024-04-27T12:19:29,29
9d4f959a-dfb2-42ad-aeda-345ff624440b,52eebf63-a893-4b29-8ce7-0d1a65f4128c,2023-06-18T03:50:43,93
9c2f0824-fedb-452c-bac8-4ae7f3df5bb1,307481d7-e246-4203-9940-f7c628490065,2025-10-03T16:42:17,43
3846604f-6aec-41dd-bb8b-e58f44817ab5,aa46ac63-b62a-4edc-b902-5ec12f4bca51,2025-02-20T14:12:35,55
a26793c1-89c1-4285-995b-4415bfb7d94d,3fa69279-70dd-45b3-937c-1e3cfa634cb0,2023-06-29T05:47:39,46
552ea4f1-e9a0-41f7-b99b-bad97b8b00d0,58143960-75eb-4092-9e86-fde171a3c32c,2023-08-21T20:09:43,31
d02285ec-a4cb-4103-b938-1eed637ea1b3,c8f97761-ae93-4cda-99cf-93b903bfcad0,2025-11-11T10:48:01,17
a9699a03-5a0a-4b45-b84f-a378b8b42399,e62e6b10-57de-4039-ad0a-cd05a35c938e,2023-09-03T23:01:15,59
056631b6-498c-4b7f-9bdd-b2cde3336f7c,c04a2333-531e-4030-9051-2ecba8f282f3,2024-09-16T22:26:26,47
37746667-e52b-47e9-9c6e-88eb8e45c844,0850cf97-0d0d-4665-8047-0283be5f39f3,2024-11-29T08:58:39,51
e607c7f7-1206-4222-af48-337c36a11196,1c16f948-4514-424d-b1c8-3596c00c0896,2025-09-11T06:47:17,90
26bf972a-d478-40b6-851e-0b5e260f07bb,cc2a0d62-def2-4468-88ed-6f61ae0e688c,2025-03-15T02:41:32,61
db8576cc-d77d-460b-b2b7-f46d4b928de2,09425e91-acb4-494f-b7e8-aeea8aab8ea9,2023-01-31T21:37:14,79
0f5d211c-7d0c-49a0-aba3-0444a243019f,9f5650a1-2274-472e-870e-552259324d04,2025-02-23T17:07:54,99
0984658e-fd51-4230-aaed-0ab9643c2f10,025b00d9-982f-43cf-b449-fb1756ba5bb6,2025-07-09T06:06:33,66
502b2c00-daf5-4c29-b789-044f15693820,51cec667-34a8-4874-8564-6702cad5ca32,2024-10-25T04:48:35,95
b0eca1bf-3304-4d14-aa4c-1cb0ce6d1b96,be130f2f-230a-4900-8eb8-fb45136774e4,2024-06-03T01:18:36,37
1f2247c0-4fc3-4cd6-853d-e31cc5ddbcf3,dbb53799-9050-4db3-b8c4-27f293c01a04,2023-11-01T05:22:56,23
6e787477-86e8-4bb1-b494-7d502b6dff20,9e509f48-d454-4b34-9972-f1c933ed792a,2023-11-23T00:39:25,2
c25f70b6-9ce5-4a1f-8cef-f9eba0169a62,c25bc20e-e718-4131-b3da-da1ba6da5b70,2023-07-08T16:29:48,34
df8fc3e0-5ab2-4ed4-8f48-ffa6036ed330,0ff5eb4b-49c8-4040-a9c2-dd2f66e5d480,2023-06-22T05:03:50,47
8f51ee7d-9ffd-48f5-be9c-9d77bd865351,27dd2303-a083-40ab-b5bf-d443e32e8df5,2023-12-09T01:21:23,10
921b1f31-f26c-48f1-bdf6-079b392fd3df,67d5d851-7e47-4346-ba66-7377e7802a02,2025-01-25T10:50:52,54
6d5091b8-5170-46c8-b938-0620b166aa02,cba16986-8474-4415-900c-465a7c57fad7,2024-11-05T03:19:34,79
1a413e89-ca23-45e2-9308-a152ea507c03,417af117-3f30-431b-9b4c-278d5654cb7d,2023-01-12T04:36:36,45
23a29be8-5009-427a-8428-eeb6e326cc97,16e5a89a-d2ec-466d-bcf0-53125cd5261f,2025-06-28T13:04:18,71
c39197d3-1056-4bd9-9352-bb768d343940,b3b71f0d-ff30-4084-8e4a-eadb8bf16d3a,2024-04-18T12:31:45,62
873b4d94-e091-45cf-b93f-0efd2550c8e2,6575618c-2039-4d63-abf4-93961f01991e,2023-01-08T20:22:23,99
29d8fe90-4a37-4900-8eaf-aaa8663e6445,08a7ca42-374d-4128-bdc3-eaba2b235d05,2023-12-30T07:01:22,92
e80919f4-9371-48ae-925e-26b810af1522,a1e30025-6647-4129-bf75-34382816352f,2023-10-09T00:31:54,38
7a35685d-c412-45c2-986d-961574d33614,f13954e9-b2f8-4b3c-934e-229dc7586fed,2025-01-31T16:42:13,10
024a66d3-0e01-4518-af3a-0da57ec9bc46,1f008992-b1b0-4d8a-aa27-e0e8afdd8433,2025-10-22T05:03:04,74
cef2d2e0-6de4-4374-9434-217e42cf4451,fab20e8a-e754-4796-9c9c-16f8c2be4bbd,2024-01-10T22:29:14,54
e7a01625-9297-44bf-b2c7-861083868d7f,9a3ec5ea-2ff8-4c2e-ae43-9ca2b5d184f3,2023-04-06T10:53:16,99
beda4460-15a6-4d39-8dc1-db9a14675952,2bb6a15e-5312-41bd-af30-fbf269ad7ac2,2024-10-15T23:30:52,52
a09c3aeb-b78c-45d4-a03f-fed1088fe81e,af81be44-f063-4a06-a616-cfa18d669cc9,2024-08-20T10:12:51,86
efb55f5b-772d-45f6-ab57-405eb8cd0a37,c1cf8f64-823b-4f0c-936f-16659e1c23bc,2025-03-06T04:58:19,48
1acd0ad0-0460-4065-b7e1-42585a2f55fd,61b3ba85-a7ea-42a4-81ac-fdc12c202a90,2025-04-02T01:55:49,38
b3164c8a-5270-44ca-821c-1525af22fb58,6f2bcafe-24be-4b82-9c1f-7048ebcd716f,2023-08-29T02:22:12,88
5f215a17-2696-45e8-97c9-4a425c6c51d3,545dbdd9-02d8-4a4c-95de-111fe4d6a8e5,2024-07-19T07:22:48,15
16727c73-1d7f-43d3-b03e-40df29c7bcdb,218a11a8-8011-4920-8267-5e18485d79dd,2025-08-14T10:09:17,81
633c6edb-7be4-4ffd-8dff-50fdf4f9cdf0,fb5569ad-bf4c-47e3-9f1c-857fc3bbaf2a,2023-07-13T08:57:13,54
42ef63c8-bd18-4d35-9d77-67258fc27364,0845b05f-815d-4c24-b9da-01c7114b3667,2025-04-20T01:33:45,73
bb3f7c84-e27e-4e70-9ca5-2aa55c61cbd5,171fd6c7-f1cd-4c28-af2d-0130f535df35,2024-03-25T21:25:46,49
684866ff-97d8-4b8b-87eb-417f84b5fd2d,7a57870e-af84-450b-911d-87fc65bc57f5,2025-06-02T21:56:42,68
d4743385-b75d-4116-bfef-d65fb0a82060,93224df5-d34b-49b0-8508-57820855e9cb,2024-12-14T22:00:49,43
2e97d6d1-041a-4cf7-b1f4-9d62a548937b,6defddc5-ec3f-4c27-b153-615a92f250b0,2024-07-14T15:58:03,46
9ad5a0e0-3a2f-4fa4-adef-18c67fa488c0,65b6f3ce-b0a8-4821-ae29-9714068b407d,2025-07-05T23:13:14,84
960a3fab-0feb-4169-af89-2b0f6826c023,bc4e3889-414a-4185-a06e-95e021c4b8b1,2025-09-15T19:05:36,70
9ab98e13-677a-4d7e-af5c-42b89344c64c,af2add1f-c5cc-4aae-b0a8-1aafea0a4ce8,2024-01-09T12:31:22,92
1a80f126-4a6e-4f99-80e1-e6f2648b779e,13c8e47f-3836-45f6-abf9-a81ee23e0bad,2024-02-20T15:04:59,77
37908770-fddd-47f5-a5de-0ff3fa9acfa4,435dd4ff-3294-4f86-a5ed-0e7106a100fa,2024-06-29T16:58:32,98
dd14ad14-cd74-4ffd-93ad-b76bf4acb35b,689565f2-25cf-469f-9a25-48defc61f6f5,2024-03-01T02:55:34,50
83a61236-3769-4645-bbf4-337d7386868e,c847dba1-7107-4394-a84c-d693eecfc67d,2025-01-10T06:06:40,14
84ebafaf-6f2b-48fb-9995-2b327e6e9cb2,6310b644-f2df-4ad7-8f85-f428bb254644,2024-02-25T21:57:29,49
ed7ae478-4efd-4af6-8495-10d3c6b90ef1,09293140-0222-4416-a8fa-f0d860fcad62,2023-09-08T16:33:46,36
1caf0a30-e02b-479c-8ab6-fce9f0a759da,b7f93f9f-3c40-4bd7-ab96-9fe48e49df27,2023-07-31T11:47:10,56
d8c2c176-8ee1-4dd9-9587-5de02e19ea3c,86176c30-6b21-44d0-a68e-8f70a87cd649,2024-09-17T06:38:24,96
7a98b30a-4644-45e1-b926-1685f2815f0e,a0872127-2534-41ce-9a32-10290ae97682,2025-07-25T03:21:56,32
91ba7ebe-8e98-4629-8042-0fe8b743364c,8ee87703-068b-45ee-9072-536f8ae52745,2023-01-29T11:05:35,32
e37e85f9-5ba0-4164-b9bc-1022650a9232,9de75b73-d0a3-49a5-88bf-073418627825,2023-11-10T04:50:18,31
445c742d-b062-41bb-be02-a14e4218face,0d7909f1-fff9-4f5a-8033-9924dcbba924,2023-06-21T18:14:51,64
536f931f-5dd8-41b2-a963-587444dc616c,6a3af58f-54fb-49af-8af3-fd91e35d07b3,2023-03-14T23:20:08,66
