userId,date_of_birth,diet_type,cognitive_scores,risk_trackings
15e47aab-ae8b-457c-a5b8-9f64b937bf07,1962-08-23,Vegetarian,"['27856597-640f-4bc4-a04d-cd25986b698c', '46509d98-bb3d-461e-b2f6-4c4c422231b2', '000d5d14-9f81-43a3-843b-f051f051d74a', '0069387d-4ced-4f1d-923d-f40476d34122', '13dc5011-c16c-48d2-bc98-76bbaff647de', 'b12cd8d3-fc0d-43e6-8a8e-ab7ba0940698', 'b60cbff1-a07a-40fa-bb2a-0df4f0a236a2', 'c9c25609-8879-418f-b721-07e5bfc5a55b', 'd301659b-eed1-4bf0-84f3-e7b7f954bf73', '2cdfd5b1-9a55-4979-8bb2-be1e368b0f80', '6d4b420f-857d-4c1d-8d3f-963d9861d647']","['a29df03a-abb3-47e2-a7e7-cdcb16ca7eea', 'efec6823-8efe-4a08-8699-fd769471cf39', '411944ee-b90a-4d3d-a6ab-c407cc3fbce6', '1cb47827-8b23-4b52-8e56-69c42ee0ac0a']"
f821c89b-1c79-4ff9-ae15-22f38280e92c,1991-06-16,Vegetarian,"['a53a9c21-5afc-4cda-8cc9-6a28ffcd32ec', '44cdbdbf-e85f-4ccd-986a-eb5135105d2e', 'cbc1c0b4-3820-4ada-b6bb-976a5bba2ac1', 'eadb62c2-f003-44c5-9b11-dbc1f5bcca6a', '96e97335-322c-4e62-8431-621505a5a6af', 'c213f47e-8cde-4430-8d63-b3e941d444d3', '8c041b6a-c316-4671-8a9d-10486427f3bf', '9206ec79-90e1-4d09-b795-2b3d4a1ff97b', '73984aec-4540-4f20-bc35-5b345727140b', '18efee07-beba-4735-a146-206b450e80a1', '7f452d2e-34fb-4bfd-8277-b79b85eae1e8', 'd9add275-61dc-4df5-b5f8-e371c00b462d', 'ffdee97e-ebd9-4df6-9a30-fc2f3615c511']","['8db0fddb-f369-47f3-96f1-aa84c23c43ff', 'e7051129-4160-45ac-b537-f70615569a9e', '41e83ad8-915f-4873-9fdf-86da791ea4b2', '59bd3219-9b66-4ef0-b208-ce31cee83858', '70261310-4688-4892-b8d6-1ea219a8b3ee']"
396b160e-e117-4e28-89f1-7e07f85939b0,1980-04-04,Paleo,"['a8c2a8c5-f207-4d4d-9845-d365f1c54547', '8ca49b30-cf35-40b9-b0b6-c7760b2f476c', 'cb3b3753-3f52-482e-8dfa-be52b68accbd', '2e5102d4-3407-44b7-8107-b1c2de83455d', '5bc9733c-d49e-4077-92bb-1453042e2b74', '21fcc593-ff0a-4b78-840f-3ce39a3d3535']","['8f45d569-c47d-4d6f-94d7-140ea8aff529', '702b9818-90ac-4452-a634-d33922823f45', 'bb46fd1a-019d-458e-9ed8-4ff4be8b7085', '34902b49-61bb-4302-9dcb-80c7b0d71315', '6dfa9650-af1d-41e2-9c5f-371717c05468', '5569c58e-7b46-4d6b-93fa-63250a781e79', '3e5a2cb2-b99f-47c2-9ab9-b5d692fa1bc5', '7cd631b9-ea3c-4706-ad80-7b99c74ecb35', '2ef3d27a-afa6-4fd8-befd-2142b988dcbd']"
ac79b6b5-f93d-487e-b789-031732ed9ffd,1961-12-30,Keto,['f2e13f1a-ce5c-4a5e-bb29-89e63469bd63'],"['093194df-d031-4d70-af01-501ed00bfcc5', '51196cce-dc76-4111-88e1-92dfb955a414', '35fa9adc-3bcd-4fa2-8667-faf71c9c1077', 'a3e65460-9884-42e8-8d0f-ca8ed9111393', '5947eac1-0992-444e-a638-d117e224998a']"
91184194-95b0-42d2-8eac-faa3bb01e7e5,1993-12-20,Vegan,"['8bf3ba6f-c5d5-4696-a745-b5a66b6d2ca8', '719a899b-6a18-45b9-a1e8-01ac5ea3afce', '71ffb6f7-73b9-4d5c-8fac-730cb197df19', 'dab6a7c6-553c-4b39-b654-ce90252c87f7', '2a35fa24-799f-4eee-8d8f-afa42e8a438e', 'a3b6b821-2cf8-4efc-aa17-3e298e087590', '5e11b0b9-be7f-4c47-9692-729ee6283e2e', '870b8635-bd3f-49ff-81ed-ad6da2b941fc', 'd199ffcb-d015-49f8-9b24-4fd336643f8b', '0d859928-a110-4b39-b0ea-7d4248898181', '4058608d-37cb-4c62-bb27-a9c733104cb5']","['fb29e7c7-97c6-4da6-a8a0-3b2b4446e49a', 'ed8d2153-20de-4984-a0aa-957947181d35', '6bf13e1d-568d-4c58-9050-e1fa634a2af6', '2a31f029-cfa3-4b0b-8258-7f075082de81', 'e3800e20-b42f-4db3-8493-636e8c5c166a', 'd3120592-a750-4e18-91de-d898d88e7d85', 'fe14d16d-d12c-4517-a046-c256d29ed4ca', '4a903e24-7580-4d1c-8211-63087539dc11']"
16b4d4f9-1bf6-4bc8-8c5f-3791e7ff34c2,1996-01-11,Vegetarian,"['367cc8fe-1826-4229-bb24-1a8eb1671444', '252eb634-9a56-4703-912d-a00a175921c7', 'c776169d-ca01-4077-b837-b49233230f7a', 'b8532730-45c7-4c46-a2e7-195e079ebd15', '3c8f98af-d5d4-4a29-9f3c-9664ed45b69a', '9cd0fa7f-4c77-4045-8706-5015663de5dd', 'fea2e65c-3683-4708-8110-acb979f45f55']","['94f07d4d-a475-4c03-8491-9d62d3a39b1f', '14740bc4-1ac6-4c1b-aab0-e70d6506d69d', '433fa3bf-bca8-4842-8f22-2ac0037b5442', '99ea7b2a-da06-4ed3-af7c-c5dff7f6b0b4', '3d3db6a8-9ddc-491b-8d7a-5ca83fa17588', '62f143ea-29df-45c2-ab6a-96a1f25e09fc', 'bd69ab6e-9e40-438e-8074-9f8d5e536a7a', 'd3e1e8a8-9f4e-466d-bbe1-b527933c49bc']"
3a9a5365-22db-4239-b401-bbdc70026c63,1985-07-01,Vegetarian,['def06260-cc7c-40b5-9c04-d4f463fd9f16'],"['b4888dc3-a064-4052-abd1-403341248244', '329e0dd7-cf4b-45e6-8f40-879fddbec527', '1a5827e1-f327-485e-aa40-faa86cdc01ee', '3e1186fd-ee10-42a0-b358-8d638caeaefe', '2dc37925-f359-465e-8bff-280423c04563', 'd00c3806-16a2-41ce-8852-2ac74d3e5b40', 'bbaaff84-5b57-4a79-b708-bf8a9171a004', '4e92627b-ce80-48f4-bb19-5beb79f201f6']"
3b253df2-f707-4fce-8d90-be2577837d5b,2005-08-04,Vegetarian,[],"['a27daddd-e3b9-4611-92c2-bae1ccfff5fa', '6de05768-aa26-4660-9374-9edcd7155b3b', '9a8ae6c1-a34a-4a44-8201-8a0f0edd61ae', '30750883-bc15-47ec-a3f3-6055144c5049', 'f60212a5-4509-475e-a0dc-cdac03e40373', '1e2e5daf-b78e-4f1b-9824-6cd2d188ab50', '99b53b59-eaac-4ed2-a554-5fcce10005d9', '01c87cf4-cfb8-42c8-bab7-1df5cd8e74ed', '0f72a614-d813-47dc-a8e8-57f36b914475']"
dfafceee-252b-4c09-af55-9d8e1fb03970,1985-01-18,Keto,"['e9b0bf43-4531-4197-88c4-77173184581d', '13464614-e5a1-4080-ae1e-358fef5dbd54', '2f14899d-3722-4601-b382-10ff22e7949f', '0970b552-a815-40a2-8e75-3b9502197036', '9e7726de-d48a-4cda-824b-79a130331f4b', '81c1111f-9556-4e65-bee4-843224ad3ff0', 'b5a508a7-5f09-40ed-be0b-d1a290ba0315', '66ed4cca-a4f0-442d-b711-5fd4b4d371e6', 'cdcfb2ea-17dd-40d6-ba3a-fe958151cfe2', '6b428238-dd61-4ba5-b848-dc71b8a54cf5', '0a731d04-6bdf-48c3-afba-bde3df35d8ab', '7aad3c00-3a33-4242-8664-90d4a28013fe', '5c547480-9fcb-457e-bb8e-d60ad145f325']","['8c528c5d-f15f-441c-9c00-903ea6e962c6', 'a8d85b47-cff3-4377-b404-56ef818f436e', '9146b72d-9c4d-480b-8a88-33fe48dfc086', 'b2228ad0-de74-4277-b1c2-958df8966e46', '1dbdb571-44fa-4246-a484-5cd1dbafa249', '523318fd-4697-4c8e-a239-e94a4f34c539', 'f6fbd051-105e-4293-8246-f74196759a72']"
bc88cd60-a7e7-47a8-9c23-856908778680,1980-01-21,Omnivore,"['0fc58dae-4a57-4649-9467-d7be7054b692', '4c8c6abd-112d-42de-a215-6a6893e1cd81', '166bd747-f8e6-4f6f-9645-5f08bed466fe', 'f08a3c66-7747-4ec2-a58e-1309b140a708']","['9e5ef271-0cdc-4c78-aecb-1f78eace7982', '5a6bca59-b446-4eec-9649-f43758868567', 'a6add7c4-f366-4558-bc52-fe8e698e3135', 'afe279cc-fb09-4cfd-88e9-5bdc2172be5c', '4e9fcdbd-77e5-4162-aa28-efb2e3e98eb6', 'bb2c1d0f-828c-4bfb-ae87-7bb9aac420cc', '124f3ee5-0cea-4037-b3bd-0704d436683a']"
020f5dd5-7c8f-4786-b732-9f285d2dfca0,1981-06-27,Keto,"['d7940242-cc06-4295-84c5-1ab8ca537806', '8f9db76a-e136-467b-8cca-e87c523cce2d', '39d54f50-97dc-488a-93e9-194d876cbde2', '91873c8c-bd7e-4c20-a768-372670ea7810', '5c287bd3-8181-450f-b5f2-048d3aecf8dd', '4f5a5a14-62fe-4616-a69a-aabe9f27bed9']","['de031c96-25ab-4f1b-a432-840979d1b79d', '13414f83-393f-462e-acf4-5d4a481cf38a', '1bc7d7ff-8e2e-4f20-8ade-a723add6ca14', '16bc4cf8-f5a5-4636-ab83-01e1e5b51f64', '6e4e6b02-d501-453a-a916-1cf14b449a20', '043af34e-33e8-45d8-a87b-81112181e9d2', '6c0f02f1-2d35-4665-85bd-cf3b7cc29da9', '234acd28-4147-4b79-8341-78b12819007c', '78cbc32d-786b-44cb-869b-f2eb2c3b0f05', '7b9de12f-ee66-4489-be36-4a0828f20a8a']"
6dbdb0f1-2ba0-4884-a636-885719f1c4c1,1992-10-30,Vegetarian,"['3a86f3d4-2e1d-4696-983a-b4d39df16ed8', '136ac525-9139-4602-8068-7f0e3a1c7836', '5ba4413f-93df-4578-b0c6-3f454c80e2fa', 'b7d17dd6-e5c4-4563-b478-18aa09f1859d', '0666a8ac-6947-4b91-9b54-5e5f92250b12', '0813c306-bde8-4efc-bf58-9c273fc76ce5', 'fe2c21b9-69ad-42d9-b6cd-ce120e799c08', '9d42ab0a-ed2f-4337-9334-2f8f1fcf8baf', 'c1cbb214-c300-4525-9d00-0a88aceffa3b', '2d81a0ba-ca44-4a0c-a565-0a42a1ff970e']","['39dab469-a0f6-4a22-9c67-1645477c3ef1', 'efbce774-3c49-4616-b30a-3a7b1aef62f5', 'a584d4f8-ed18-4a5e-952a-32973bf4257c', '22d085c8-1d23-48ac-9175-22aba2077c4e', 'aaa6091f-5682-4750-b4b2-0fbcb5cecfa8', '5712ff0f-c6e3-4399-893f-895eb0799829', 'c39f5d88-a550-4f4c-9cde-47ca0496bd03', '99644433-d095-4130-b50c-cbd6fe22235d', 'b2a3e9d4-3cab-4f26-853e-331b28735bbc', 'f07ed9d4-7f0d-4af0-86fa-6841dff5b66a']"
71e39ed8-2955-4b07-b099-5493bacfa8fe,1988-05-11,Vegetarian,"['de8b0207-9773-4dc9-82ba-4b37e7f13438', '374ef2ea-8ff0-42d1-a39f-928e0d3b9c9a', 'd3121a9b-91ff-4108-a985-2acdaf18ac2a', 'bdf3ac85-a653-468d-ac5b-266731937956', 'f6b9d9b5-77c0-4da1-aa98-6218d05d0872', '3ce6f10e-15f9-4fef-826d-ce08c626deee']",[]
ac767f51-49cc-4fe9-9167-0f784cc8c467,1971-10-15,Paleo,"['3793d2fe-a7c5-479f-8cd4-d4f586fbdf89', '9081ae83-3353-4e3f-9d39-e345b5f1dba6', 'a47a5c43-44d3-44e4-837d-598f8ecc04f6', '1d9988c9-273e-4063-817c-2e304b32b3be']",['fe12acc9-cc56-4a86-bf8f-b08e990b9ea8']
232b9342-2157-4dc6-a996-c226ad46b9d3,1979-07-05,Keto,"['25be285c-1f50-487c-b8ef-9b58196db5e6', '1f8f78f3-3f76-488c-ba69-3e27051a2b3f', 'b4706373-2418-4172-8aba-f4db0bb36b73', 'df09bd99-bbd9-4e0d-aee0-3d59e0744b4f', '0111f12f-067b-4887-875c-de1db43553d3', '37f41221-6993-4429-b382-92f5cb487e1b', 'efe055ed-1562-413b-aafe-8ec81b990d04']","['b154fae5-096f-47ed-ab4e-60c53df3d04e', 'e5e447ca-3fae-42dc-bdde-cf20de77ee8b', '1c2392a1-49ff-44c4-a0cb-56cccbdeb6e8']"
2cfd6583-a383-43ae-b3a3-98811a61e2c5,1985-02-20,Paleo,"['aaa627b4-990f-4733-bb7c-395875cd2d84', 'f9574ead-3355-4d75-86f0-d607cc85a394', 'f2b0e196-8977-42c9-9244-da8bf0c74bf7', '61903d39-01f3-46a0-8806-47ca7b548ed7', '6034070a-0e6f-4d28-a988-f54857a6bfc3', '1fc2fb21-344e-4783-8430-8fb8ad6b69ed']","['3b5ccc81-f759-468e-9e27-2f35f51f272b', '67c4d1df-dab8-4177-8fd5-dadd7bf995cd', '2835caf9-45f3-4a42-9c5c-91f5bb03fabf']"
92efb3ae-a0f1-4b8b-a5af-3306d131ec7b,1961-04-30,Omnivore,"['db6521d8-8435-47a7-bc84-00d7fda0dc77', '4c064a30-122f-440d-bb7f-e61e41dae8db', '7a5e7124-73b3-408c-b384-f1422229b235', 'db4ab969-eab9-4e52-a0e2-4d79c5d25c0e']",[]
ee64be6f-4f2c-4b2b-af43-d2e6ebdc73f5,1972-03-24,Keto,"['768a5683-390d-4b8a-af8f-2cf3afaa8b8e', 'ff1083c6-b4ac-4d7e-88a0-7d0f36397787', 'd5a3803a-e460-4250-904b-c11243cb377d', 'a7a0c7cc-1db3-48aa-8ebe-a505941a17f3', '21882adc-91a7-4d97-bde8-4975106caf0f', '9d4a1499-f934-4898-9058-31cbfca7c4a1', '55372cb7-4124-4ada-9e95-45cd1b02c03b', '029f9865-e9ea-4c78-b1b4-a466226ca623']","['76a77695-6512-4f3b-a6f8-31dc9fa3d20b', '0e054ae8-5fbc-4d47-9dfd-e3ff2dd65fb6', 'cf657b03-cb9a-4959-a5b4-648bf84374e0', '1678d30a-1a39-4418-b9fa-353596c8c077', '53547a37-dd3f-4b62-8ec2-a36f3b229477']"
20a89f2f-3ccc-4b87-9e8a-de1069679b26,1991-09-22,Vegan,"['625038f9-4238-47e2-bb25-b4e8b728668f', '0e72e3eb-8c2a-4fd4-bfee-7a4a4da3861b', '8cc77334-3837-494f-b39c-3d88267378a6', '9c9a6ff1-2f26-4ba9-b305-4007a91dba2d', '6b8bbfcc-856c-4165-bca3-529c70214a28', 'aa81502f-0e7f-4233-9314-dd26b3c42109']","['47da06d2-5eb0-4dcf-8531-315fa8959f3d', '80b316b9-4ed4-4536-9ecf-392bf2252312', 'd30d37f2-e722-466a-838b-f71eb65571f5', '6e14dd3e-fee0-467e-afc0-eb3e1eeeab8a', 'd816de1a-9c0e-4808-9f16-6db81d959bf3', '86a080e9-4209-4d33-9d27-9fdad907dceb', 'c1d58dfd-0978-48dd-8f50-03b5e0241cb0', '135984f3-a3d2-4935-8e9f-51472d8995fd', '3cf2bdad-9fea-4122-b8bc-d091e4a2e71b', '09f93829-3cf9-4b85-8619-baeea1b90adc', 'd1ba8235-03a0-4871-a918-c514172c32b7', 'a6098bc6-2729-4fe4-8214-656a83d52f00', '255c0629-4e41-4f53-b49f-7557ce3cf1d5']"
f3887d49-48a9-4abe-a3ff-cd044f2e710f,1998-07-19,Paleo,"['76d60c19-10d7-498a-b2d6-9ac67e9485a5', '973af7ca-c1fa-43b1-86de-acecb5f1a3ac', 'fb818ab9-e748-4e01-9ab0-69e704cd5596', '95ce91b4-a971-4684-8129-35c5b4e8204c']","['3f415a51-05dc-40bd-8b6b-c4c5c78a1783', 'dd815bcb-bc42-4d8d-8abf-09844b3857be', '26ec4757-b5a6-4f7f-bcbb-9d30d8aed55b', '6da8f5a1-f3f2-41b7-8d56-a037ce0ed485', '211e2e83-6aab-492b-8f04-5a084aad4a04']"
e4d0d516-5815-4548-afed-556d826d6d7e,1963-06-01,Keto,['09df492a-954e-4403-88da-d3d53a2f4c1c'],"['c0c2b2f8-e3a5-44ff-80b7-7f3b0a65b4c2', '62eaa3be-4e7c-4542-82be-4c758d0b73c4', 'ffaf3e0e-f352-4bd7-bf78-9fd259c8f8c4']"
313be71f-f69c-4206-8226-0b01ddbb52b0,1983-10-19,Keto,"['fb52e3fc-8fde-46eb-851e-e790d6c0dd7f', '04461598-ec17-41a2-a4c2-550d73912bc3', '1d2f3abc-3f2d-4c88-8181-42d61d735ac5', '1ba240ee-9d47-4e6c-9eeb-bcd0a63438b1', 'e6ab5904-a713-4a6e-9962-a22753b3a620']","['ba2da5cb-990b-4fce-b5ad-408e257941b5', 'd3cbcacd-ffcb-40d5-8630-6883f10dc7b3', '20adc311-153a-42b3-9292-fa95e732b876', '24211788-471a-424f-a1ff-07fe74ceacf0', 'cbbcd630-6d86-4274-8b25-36ae3637e4dd', '0a3d152a-366c-4121-9c46-ee83ea81cd48', 'c67a623f-7435-4c03-bc23-f2a632ae14bc']"
2567ea40-4eb5-400e-9ece-1cf78cbbbc3b,1999-05-30,Keto,"['0a5cc3a7-0d62-4e9c-bd3e-43f0f855b492', '9d7b5f02-1a77-4659-8e9a-0ab815a8aa9f', '64e3add1-f49c-4f04-bc3b-9a38533bddaa', 'f351e2ba-e827-4f63-b6db-8b21f221e1ca', '9ed327eb-78cb-4cfb-8595-27cfb11d89a1', 'fa2315da-caa1-4d8a-81a7-16ddf0d72318', 'd1bb127e-2e1c-4226-9cd6-a2e30fd83d56', '0131f31f-e4b9-480f-85cf-42f7c46a8be8', '196066dd-fbdd-4251-9ab8-c2cc8a8f243c', 'fb2d470b-92fe-4a59-b8eb-6ee29fc8c2e9', '265c6406-e33d-4a2d-8fd0-b2a9905ff9ff']","['e91a88d3-c34f-4566-9cac-d2972053d8e1', '9009b64e-e8e9-42d0-a50a-f8b7c35216c8', 'ffbf2fe0-01b2-469e-a61b-a83c45b18dc4', 'bf47b964-b840-4ae3-a072-123d744470a7', '6b401aae-6248-4bd0-82db-c7c76cdf5f3e', 'a9ecaa15-226d-4ab3-9992-10474ce93a52', '5cbb291a-9f66-4d22-9cd1-c294b0bfa3f2', '674cdf99-abc6-4ecc-84af-449a8b3cb37f', '1bf966f2-3d77-492e-a4ae-a3a3d9149d94', '96785e9c-559c-4355-8a07-faf0fc9ac04d', 'ba0a6ef6-018d-4cbf-95f4-46d285e72b17', '313a7ec6-6e66-485b-bec1-13d19a722df7', 'cde2da7a-e63f-4822-a610-a057bc104a31']"
bb76551d-c777-4a49-85ad-57a1d453f1b1,1964-08-17,Keto,"['6af999a8-b177-4ce4-b570-a1ee4bae9967', '588f3ecf-7383-4180-b478-c34411d40160']",[]
139467bc-de64-4bd6-bcc6-c704c7dea0f5,1992-07-17,Keto,"['300175d0-4b69-41a9-9712-a90709837784', '47b405c4-90bd-4468-a326-59fb5a927216', '8e71cbe5-fd6e-4d5a-b947-9dc25d1f8b0e', '7d12bbe7-45f7-4393-8282-6aa79cafa577', 'c093bf1b-3719-4577-ab18-bd3bc7797e3f', '4b7a3db6-d363-4d44-b3ae-466b66755a0d', '64ac22f4-15f4-4c3c-9c3f-849ca415d5cf', 'a6e411c8-3f83-4f36-a675-2478d9dcff6c', 'cb0b77fd-0325-47b4-8c50-4226692a63d1']",[]
4c3ce17d-e251-4924-8337-a43c6be0ae55,1984-01-12,Vegan,"['7a895f18-64bd-4b26-bd4b-727d5832cece', 'e2361f02-997a-477e-b2bd-5ccfbe2778f0', 'cf959e98-70b4-423c-9979-a1c1af893bfc', 'bcaa96d0-a24c-4443-93a2-3ebe86ef0585', '49b5997f-b97e-42d2-8c31-d1a66ce17796', 'b34cc0dc-c533-42ae-8b10-22f94563f283', '7a5dccf8-02d6-49c5-85a2-a16732a27c04', 'f343277a-4738-45ef-aaf8-208ea2046b1f', '311fa921-3ea3-4e7b-85e8-47fa0b3e894b', '5611f497-64e1-4105-8fad-39f4c79c2b3f']","['79a9c86d-25d2-4b78-bec9-ad75ee41968f', 'f9fd7a4b-c926-4cec-addd-402609811d50']"
e0e3fd0c-2eec-4834-8a38-c667ae0788d5,1994-04-17,Omnivore,"['81f36e9c-5386-42e4-954d-0200d2129de4', 'a1a8bfa2-0c6c-475b-b932-1a2cf69c8377', '9c65a9b7-567f-4545-a74d-1e0a04276d3b', '0a06da2f-72c3-4cef-ae24-71d06809c165', 'bda4116b-21f5-4686-8a1f-27c34f0385a7', 'eb2d7561-2fbf-405f-99a6-f8e3813ee350', '8eb55be1-5648-4db6-ac01-859ce4a33123', '43968a5b-7de8-4303-a763-feff06d554b9']","['65f7c331-7c5d-4825-97b1-f2d7f33034e2', '7b774e66-a778-4dba-9366-27deb3f48e19', '45d519f8-eaf3-455a-b20b-f5a32dcc69c3', '99c42d2b-a493-4ebc-9e9d-98c77c893ebe', 'f088c176-51d3-49ba-b0da-4768bef52b62', '584fd230-a47e-472c-a3f3-38503fbe667c', '81260533-b4af-44af-89b0-22aa2773150e', 'f257dd76-ec86-40cb-8d15-8efd9308bc7a', 'a962cc8d-eb6e-400d-9f97-3b8f718b4026']"
97b43b9e-a4d4-4d03-af1d-b6df5d08763c,1993-04-01,Paleo,['fdb34c2a-b528-4adb-b084-f316584cd922'],"['b152b1e9-53b4-45b9-bf2b-695615a5b05f', 'b7f80a78-1f3f-46fc-968b-bb0ce8bbaa28', '26b9efdf-e07a-49c3-be1e-2b4ad292b1ae', '355c69a2-196e-4801-9339-adb8912cceab', 'd55cbeb3-c03d-4f8b-9165-4da15809f165', '0d419866-90fa-4a3c-a6ad-3603ab6ac736', '0e8d1709-6972-4f72-a76a-76440f8babcb', '9ebee2ec-95fc-4823-980d-91b9125e9618', '39fdc8f6-077a-41a4-aa8f-808153d8b643', 'ce0101b8-0b0d-4677-aecf-072ccc067694', 'afbd33bd-2fc3-4cdd-ac2c-04164246df42']"
55c9f263-96e8-4ea3-8c5b-8679e224e6d4,1967-02-03,Vegetarian,"['9e161667-dbc2-43dd-8d02-449ad73385d0', '92859576-f3df-482b-9cbe-21764ab444c1', 'd86eb4f0-6c12-42a7-9387-8b767fa3ffb2', '33c543e3-2cf8-49f5-9567-7ced4fea24bf']","['4b45ce29-448c-4a77-8d05-49b734417312', 'f7666329-e897-43b0-9a5c-c6ef50c7fee5', '0534b9c8-393c-41f2-9980-d4d94ab07165', '5e2ee1d4-4643-4ff9-8297-bb05be91057f', '8dfa7347-670b-4a63-9122-dc7fe8c102bd', '430fc8df-717b-46b4-bd68-6862b710dbb6', '39c26c40-c54b-40a5-9670-be54b1dd1b51', '4a7b07a9-89b6-45c2-9004-47b9c204c494', '2a35bf5f-5bc9-41be-9e46-d2baf641c391', 'bad7d178-a05e-45f6-b5fe-348758cf14d9', '012767f5-6796-4294-8cd5-179da635cc58']"
3a4f840d-96ee-4688-b45c-97d41ab14087,1992-12-12,Omnivore,"['4ee6de2e-b826-41db-8de6-358d9a9635e3', '084281e0-d8d6-4a4a-8301-520415371516']","['376d84ae-8f54-47fa-ad24-8cc5a242058e', 'cd6231e1-4fdb-4956-8a69-a18900002569', '9aea2252-7f96-4d1a-a538-438f667eb435', '1cff5e8b-c939-4b60-9ba0-0c1574797d85', '203595f4-7a34-4f5e-b809-06909c392d3a', 'f18a3ebd-6362-4f32-b89c-c7f6ebdd6e0e', 'd6685f8c-3ec0-42d8-9837-668bc98e5cd8', 'f84fc11e-3e20-4b20-8e2b-fec3dcd5ca31', 'e475be15-1bdf-4b52-8a99-3355a61292c3', 'efd37816-b80f-4665-b822-81f12a2be567']"
ae242f03-7199-4676-a670-58b994f873fc,1982-11-21,Vegetarian,"['27ece78d-8b18-40ed-aa06-21f2d667a182', 'c633e19c-496a-4766-b2b2-84e37995fa9f', 'f4e72b0f-229e-4894-8d5d-e8b8c1396cb6', '653027d5-3dba-4de5-89b5-048fc98480a8', '2d279667-2757-43d3-9e4c-feb569df1010', 'a4ac7812-1bee-458d-8262-41c43f911511', 'b144cd90-4bf9-4a6c-aafd-02c4309d6e1e', 'b6876963-326c-4a96-938b-c63306a3a60b', 'a0e09d8f-e06b-4062-a189-d10ec98937cf', '409f047e-e4a9-4b3d-a2f6-495f3aa6b522']","['cbc2f229-af2a-41dc-9b50-914eeef875e7', 'b5251a8a-0b33-4104-8581-c7559e6a58df', '8c33625d-5b37-45ee-b431-9dcd6f0d81d0', 'ef8acb75-e5c8-4b9b-993d-e698a7938d34', '5cb038fa-66ee-49e1-a5d7-f6ab2951b85f', '16e15c41-da33-400d-965d-7e989e5795d3', 'a868b8bc-c115-4fd7-b886-f60076f782b0', '57ef30e3-dfcf-4596-bfb9-ce03c1cd7cec', '8f235708-cf8d-4a99-b2a5-30e0f25e6519', '36cd9071-08e5-4629-94c5-8adea6fd4248', '6aaf756d-6946-44d4-a912-37d3ca22dcac', '61be4cb5-0ea0-4f34-8145-cb5d1cbeee4a', '6431b904-fa67-41aa-8ce1-90c2f2051c56']"
cbe45f58-c04b-4843-a0a4-557d05b1b393,1962-08-24,Vegetarian,"['e2220aaa-584d-43be-9e46-6fe93bb6f2e6', 'f840d7a4-4eee-4131-b277-2e787197bdd4', '80ac324c-70e9-4419-9a0f-b47a4c8f048b', '86ec0930-5baa-4bd4-b4b1-d6a5504ebb01', '3f1603be-8ea7-4c30-a5db-40880172a4f1', 'ff500538-e8cf-4ff7-ae07-a3fd1e478107']","['af4eba87-7f0d-438a-a5a4-c43a9ea3d6c9', 'cd3f6281-b8a8-4b04-9e0e-54f48a22b623', '0c1bc2af-361e-4e69-9ad5-975e9a2757dd', '7aa10063-a461-45df-8871-0569648d22b4', '12058e2f-98e5-4ed5-9dd7-179aaa72077e', 'a09c7003-849b-4848-8930-ec777309f376', '40e2d514-25ce-4f9e-ad64-8bc0aeb02869', 'd4a80424-7047-49b4-bdf0-0aecde7655fe', '0ba921b9-be04-436f-a80f-4c8b8c0b5cda', 'cdbb2ca5-a879-4a2f-911e-6adfe17a16a4', 'bf0d84e4-af47-4f8f-88a6-62a53955ab2c', 'b55b75b8-0bb5-45dd-b747-350e1aeb745a', '7bdeafa8-c8a3-44c6-9596-12c08c9f554a']"
cead0c08-c7c4-4800-9a69-a3cc4a02f749,1983-09-27,Vegan,"['07263f58-7ec7-43d0-b3fa-3a836c0be700', 'b8126f6f-36f2-46b2-bc1a-97e191be780e']","['c54915e3-b15a-40c0-82be-bdb0b4e79ce2', 'e44bb4d0-d789-4cf6-933f-80850399344e', '35fe1b79-2988-4397-ba7f-953505e1e3a0', '5c9c5a52-ed5f-4fd5-854a-916ee675257c', '4c0b3837-aba6-4d22-9b74-f27ec7199a9b', 'fa24186a-716d-42df-8dd4-bc9e5317964a', '0c827a11-b3b4-4193-b913-c4f65b896956', '44c481a0-89ce-4a81-bbec-81da65f003ed', '78bfabb1-cb66-4a55-b0bf-7151b94e6ce1', 'f145ade7-7515-4ebe-a6ec-e047c0f2631c', 'ef690bb7-dbcb-4d89-9a2e-4b39848ce9da']"
4f9c8eb9-fa00-42a0-8d3a-fc90ec66a24c,1981-12-08,Keto,"['839d5633-0a15-40c7-8882-805877f5c344', 'd93963a5-c808-4f80-8e0e-3db5704b3675', 'bf48b91c-95e5-472a-b245-5cb82efb1cd9', '8719100f-d316-4a1a-8c86-8f53b25bcdc9', 'b79f1b3a-b557-492e-9022-6b3a84a97cc0']","['e584d481-a180-4120-a890-9e916dcedfec', '8fdb4e0f-fe6c-46dc-af24-6bc1301c57df', 'cb76b512-e54f-4f69-89dd-2c9e078b19c3', 'd597648c-dcfb-4bf8-88e8-fb8ceb586d47', '47e119cd-50a0-45bf-8776-adcd7098cd0a']"
6d27a2d1-a208-4428-a839-93fa92cdca58,1999-01-19,Keto,"['3d4f3c28-9add-4a75-a05d-2928fe2a27ba', 'c0382259-01f4-44bf-954d-ce4057d34345', '3b6ea7d7-f56e-4582-9728-6e1de28c70f4', '9690809f-a269-48c1-9d75-f3dbc07e2ff1', '71ab99d5-96cc-47f5-8d62-79a20dc6ecca']","['e95de2b6-72b6-4568-93da-95f8ae18d9a5', '9387fbc0-9756-4a0a-83b3-b039faa2666d', 'fe407b5c-15ce-41df-9949-38c3d10d826d', '559c433f-599c-44ce-95a9-9585bf608b28', '4cf2cdd7-625f-4b86-8181-f0824f8dd22b', 'a55d249c-4c72-4ef3-b379-1ef8548102f1']"
971cf331-4b40-486d-a706-e97219241245,1979-12-21,Vegetarian,"['ea5dc6a9-f19d-44ce-adda-b867a006c045', '74777ea2-a3c8-4092-b9db-a810eb9987de', '22660177-5275-438f-8910-640daac171ab', 'c402ff22-2a09-46f0-9f7f-4ecd9ce013d9', 'aedee72b-4094-4ba2-880b-659b85373670', 'bfc8aa31-7635-469b-8e1e-354bd177ad2c', '3e987ecd-3f00-4cd5-b881-80ad27e634d5', 'ec4095b3-0d79-47a2-bf44-a5ce51123409', 'c025a65e-5205-4062-ba68-db41ca149648']","['45bdee32-6853-4d00-842b-506954999098', '05195059-74dc-4c1c-8c6c-9547ce22b4f4', '5a52272c-cba0-47f5-88fd-d7f34f308641', '5b30ef13-b2c7-4eb9-8f7c-606f9a01b24c', 'a983c64d-5266-487d-bf78-e7109b5f6ddb', '88305edc-2e8c-489a-943c-35c03d30867e', 'b54f73cb-ba01-4d0c-a7ca-28497d1f9dd9', '8681dc38-9f2d-4092-8db6-57d69effb5ab', 'f0f5861c-d1c6-4f84-99de-c00803c681e2', 'b788fcec-992f-4208-8f95-78391c10fd35', 'b189a6d3-fea3-473d-a750-23b885d1c8bf', '2f66bc4b-a307-45c1-ae06-71be29c00f63', '023bf7f3-a6e1-4fb7-9a47-d381b70a10b5']"
f89fa3a7-4f5c-4388-8174-5fd6f1311b5e,1988-06-15,Vegan,"['8cb42f36-166b-44a7-a00c-7cf6ac18548d', '3126e4df-fd43-499d-9b17-a8c206c831cb', '3bbd3525-f3bc-4053-9292-997a8e6c3818', 'd716ee71-701b-418c-af5f-84ff9d508a69', '097f97c0-d40d-47d2-9c10-c00f1b79200e', '192ce946-e04e-4134-adc0-a18fc861611c', '3e8a73b3-0588-4315-bf41-50a96373223c', '6c5000f8-1804-4f27-97fb-72da603e669c', '578de171-9f4c-4b13-8ea4-13394fa8212f']","['1072d04a-9ef7-4fc4-8c45-767e2aeccad4', 'e4799c65-e603-4c5c-ab4e-e780b981e63c', '650c13a0-53b3-4086-a5f4-d626f8e06f72', '157f76eb-0099-4dd5-9d47-b890e4048081', 'af99ebcd-6c3c-4df1-a834-9ea58681ab11', 'b976a669-0531-476a-a718-8bed9e46074b', 'f7361ad4-6fca-4a36-88a0-169746ca70ac', '1d7bc94f-7761-4f1c-80e1-de8ae54bb8fc', 'b241c321-9859-456f-a5f3-34f926fb792d', '0f3c032f-af4a-42b2-83bf-b34cf3810a30']"
bbac1ccf-c03e-4523-a080-febda9a2b840,1980-10-22,Omnivore,"['f63dbc1f-ab83-4150-a284-6ab5cd8a1ba2', 'e84eb4c8-3d89-4373-918c-222ba8828021', 'a2d6be88-854d-4e91-9ade-e5811e959d46', '375d859a-7e76-4f13-a253-09be5ff1ed6c', 'bbc430ab-c71b-410f-ba7e-c88b999d496a', '5c576e62-3fdf-43d1-b7a7-e6adb719373a']","['423d7b79-e71d-4b85-b8bf-a8ef590dfa9b', '554cb5e6-69d2-44ab-bcbf-e7de489313b0', 'bd951bae-e41f-46e6-8b83-d6ebb8bcdadd', 'd7c74e2b-817b-4c6b-bd11-b9bada3edfec', '50468a34-4f49-462d-8eea-18200dd65383', 'f7ac5d70-6735-4082-a76e-6f985e625ab0', 'f4252cbe-b3b0-4c03-a64c-9aea1af8e39c', 'bfd2d961-d7f7-4719-be51-0ff599d8259c', '798f4170-c503-401d-aa39-ad40b2adaa98']"
b56d8cac-d3fd-4215-b444-e9847f089c79,1981-08-11,Keto,['31b1786e-7f39-461e-97e7-ce7f3e0c3e63'],"['d135bc30-fa93-4cbd-99ca-7da9791f7b2e', '18f7b7bc-201d-4c5f-9711-49016d2993fc', '8843bdfe-223d-4df4-bb18-cde9d2996aac', 'aca64b20-3eda-4cee-b729-c2fd56d253d1', '1e9f927f-1807-4f7e-95ea-304d39b7e9a6', '314c21df-46ed-47fe-ad20-ed8e3da9f9af', '259ba4ee-f9f3-4027-8012-6f5baad22426', '58d8d4ac-93b4-4547-9ff3-7795a3ed643f', '5521d1bc-9385-4806-8ba3-6c2648ec2565']"
a08a803b-3e23-4066-951c-05fa5abf6fb8,1992-06-17,Omnivore,"['8962dd0a-8262-429b-951e-647f8020bb24', '35380010-4884-4e98-9123-4075f9e5f9c4', '188c9ff4-0ae0-47c1-bf43-3e0ae4aa46c1', 'c36886ce-f00b-446c-8a6d-59f3b5017e6c', 'b119061c-097f-41a2-96e6-441424b45efc', '362984db-ae4f-4044-af9e-2b1f72bc9818', '66c54bbf-947c-4fe1-a6c7-76614de93385', '56231ca0-4aa1-473a-8865-19940a7b8e20', '0e568139-d648-4685-af35-2da2595927d6', '65813c95-d3c3-4532-a8fc-74bfb3611018', '2fcfa96e-ac00-4a4f-bfa2-641d6d373b2a', '3be49259-b6c3-4636-92c4-715af4b442e8', '49cb1060-3385-4d73-a8f6-dc4d67e598b1']","['f64aea3e-a8c4-40f2-8abe-8b3cb0467d63', '6ff02453-286b-4b62-a12f-1fbc0eabd025', '28a5f341-9d4b-4b77-926a-67bb6f4d2961', 'dad7e05e-2d10-4530-b929-4a1037530a08', '65e66539-11cd-4d8f-a4f1-8444c80f1ddd', '361bfb25-3ac6-49ef-b0c4-812329b81ac2', 'c3b765f8-7bab-4632-a9aa-35bcddf80591', '44976372-a5ee-4ad9-89e1-8e30cb829461', 'b30d0118-aec6-4c1c-8932-b1814bb0a2c2', 'fdaba3ad-2a66-4ba8-a36e-0a2a85c52916', 'ca5a87f4-2cff-48d6-aba0-50aa5e297b3f']"
aecd5475-b4a0-488f-a556-d2b791bf2c94,1971-08-18,Omnivore,"['8b76df27-50fb-4044-a868-85a623569940', '588a2b34-9de6-481d-a13f-cdda801376fc']","['34b39fea-2e2d-425e-95eb-e7575e84681e', '90bdd434-313d-4e59-bdd6-3f63867ab20a', '113e38e4-7f62-4137-a039-acdaa20aa2f1', 'b2a13ab8-0542-4272-bec7-0f88b1d02277']"
8c69dc4b-f05e-41ba-bea6-660b9432543f,1977-07-22,Vegetarian,"['bf9edc48-ecbe-4e79-bd1f-dc8487acf84d', '57ff60ec-c8b8-4a9f-8845-eb854c2d2f28', 'e1142ab0-a04f-4cd1-b0bd-46ca47b69fb3', 'b194f223-5cce-4e49-8d60-e562da336235', '9727904e-100d-4e0b-bd4a-1b9094590988', '40b09f0e-7c68-425f-8413-74baf3370481', '4fa7e3b5-e6e7-4f84-81b0-4bef83c94f89', 'b86619fb-5a0b-4c72-a913-736d940d54c2', '337dd0a7-5a55-4a7f-82fe-d263c81a6698', 'c80b4794-3439-49d1-98f1-8cdb89a5a40e']","['3e17eccf-1c9a-4947-bc6f-0dcb06acd9be', 'dd256725-577a-451b-ae15-1b98dea53243', '6694c3ef-e5c0-4866-95ed-54aee24abbc9']"
db262042-2434-4cb5-bced-b3fb914a96f3,1996-03-04,Vegetarian,['282f58ae-dcd1-488f-a6a6-62ccfc10b257'],"['a1724140-7684-4187-8ee3-4cfb37800f13', 'eb5fd10f-0c37-45e5-bc24-a8a83406b73b', '3ee1dae5-e1ca-4340-9717-44248f9afccd', '77881b52-066e-405e-82db-6d3cac9ae7f1', 'fb257ca6-889f-47f2-a8fc-a985d8b6693b', '6e646ab3-c02b-44ff-b908-cc4a7eb92be4', 'fe1a3b28-63c5-4ea2-a210-fca57c31bd2d', '58395659-53ca-40bb-973d-cdc13959ee8e', 'b82cc40f-d968-409f-b70b-1075be8fa164', '79cfc498-22fb-4a73-a60a-e104897c3ca6']"
8ec50824-7c76-4409-8815-d0c3328dc6e9,1965-12-06,Vegan,"['41751450-e947-4f78-a314-7fa66ebdd865', '2caa093e-e8b8-4d1a-968c-0d016a04f73d', 'c0e9ab0a-fccd-481c-bf81-f6959de8e931', 'cd56171d-be3b-4b1f-940e-cfa2d6e691c5', '8faeae01-46ac-47fd-ba5d-afb85cc80be9', 'c7ed6eef-c060-4a00-8903-103338781b11', '3cff061c-0546-4926-a081-aa7954be96d8', '132ea9de-34b7-4eb4-aeee-dd5e8664f2fe', 'a4734354-cfd3-48f8-b97b-71b6d7d5d390', '66abc747-170e-4458-af5c-8778b39908d2']","['6b386168-70a3-41c9-a233-14e42a56de69', '1331d38b-c0b0-4029-aaa2-632be9ba2484', 'cf15c034-a28c-4592-b371-7df46d419f1c', '1932c4d2-a847-4ab1-8e3f-107a172f0094', 'bacfee80-2b80-4e89-83d7-d39d66f7901d', 'c163805b-f431-4a94-b839-1d3e8487ad83', '688b4b4a-5152-4307-b572-818e1f5fb20d', '855ebc98-42ec-4bc2-ba39-e4e556bfdd14', '5388465d-d5da-4570-a045-54b5c3c39c74', '634472b4-def5-4911-b88b-d9e76db20ad5', '4cc27188-d7f2-40c4-8daf-f66e8f2e9f2d']"
1a18ea2f-86fe-43dc-8a74-390380a5561d,1972-11-23,Keto,[],"['1b9bb5dd-8959-49db-8f1f-d95a5063f635', '0c6bd106-eb01-4a17-b8f9-62742cd1a09e', '1b837717-a238-4a8d-a10e-13bf8a301152', '86f2e027-f9c5-4fa8-a04c-9a063b081a3e']"
51dc922e-7881-43f5-b65c-3f89a57396bb,1993-09-16,Paleo,['b2312578-9e8a-42e9-91b1-91ee5f180d8d'],"['4229599d-5518-4279-b2bf-1aacebf69044', '228a0a80-ffc4-4abc-9619-4a8836034f04', '02fb56b3-a4f8-400f-971b-2fef60e96c95', 'fe0b6e06-7f78-4b96-aa10-8e2e2ff7dfcf']"
5f96cf5b-7ae8-409c-805b-f5a78fec4e75,1961-04-10,Vegan,"['2ceb1309-2a1e-43d8-8541-acb9dbcd6744', 'b2ef04a2-57ce-49dd-9750-af0949c19f93', '443102e9-44da-47a3-b661-408f82b89983', 'e265ebe1-8f0b-4ed0-bde9-8dfdeeb67153', '652d4c96-48cf-4291-996f-ba4a54cbc422', '3911e5f4-01f7-47f6-ae0c-02c4c6d6c8a6', '495b0442-5562-40ac-b171-7696f48295cb', '8e8668b9-fac5-40fd-83c7-fd278668c953', '336805c9-0f90-4f30-97d6-3f3fe7f13858']","['823fc5e5-7fa7-4eed-9dc7-58a568c5cf91', 'd8e0cb3f-7f8b-4511-9cf6-8e16b3710c0e', '84989b8a-582d-411d-a6e3-e5465118a0c4', '2d5a10be-4ed3-4de5-bbc1-f786a1d76ee3', '73bf0d0b-6998-47bc-99d0-d5e2173926f5', '93df7b85-e975-4e76-b47f-9bafaaa6a951', '1faf6043-5782-4150-82f4-861f9453ed7f', '780443a1-bfb0-4b3b-a8be-afc5a3e89b24', '8749f8e5-9a1e-4ead-b702-d6b8008cc0e9', '9e419e8f-515e-44e2-9d03-1d69e33df54f', 'fc1f8c3a-dba1-4b2f-9c08-2382d5d2f4ca']"
47ed4780-15af-4f9d-bc25-53036d018b83,1996-10-14,Keto,"['12b45476-21df-4c0f-80c6-834bbc8ab0da', 'f4806425-ac1e-4311-960b-c3a4f7ad66fa', '9aab784b-12af-467d-b109-2cce027fbf5b', '3ac59404-4820-4b32-b99f-79cba0d091f6', '147ab37f-e65b-4690-895c-64eca139eb74', '6c52882e-af93-442d-ba84-3945e316d1f8', '5ae4958b-aa4a-44b1-a330-8ae1c5c6c09d']","['234d6d7e-2e29-411e-baa0-2572c7887038', 'a6aca99b-9036-4210-9eea-51ab4156c8b2', '7a395a2c-7a88-41ef-8ba6-5050d7050c66']"
a15ee62a-4d81-4045-8489-b045548bc9a9,1965-04-19,Vegan,"['3a0c0213-b406-4bb6-97c9-422244a0d6f0', 'c1cf3309-97bf-49d8-988f-8d3f8ea0e6db', 'b7e7303e-6bb1-4dc6-8bcd-239e3f30e1b6', 'd4bf6c3a-4881-4aef-b753-8fdaf4acc16d', 'f11e006c-70ca-40f2-ab0e-280c6185a60e', '7c67412b-bc28-4ab0-9f33-106968956f88', '6174c5f9-0194-4776-bf1d-93ce7b4e36cf', '2808b74d-aafa-4b59-8ced-c29a6a6fbc71', 'f55e9ae7-fe31-4c47-8a6e-be0ded4ca60f', 'b9a1948e-3ac0-4216-81af-4cf04dd84301', '178eb0ee-bc32-4c6a-9e05-9a3680044b5d', '1a550dd3-97b5-4322-ab68-ab2fe8a66abb']","['3f770754-e984-4ead-900e-2ac8fcb518a3', '9133f449-3325-4015-9948-f668dacf818d', 'af597dd5-4ffb-4fc0-a73a-f14753f8cfb9', '15e9bbfc-be63-4be3-a8aa-8796274b48a5', '51707609-d171-4a97-b7aa-465fddf7f5ef', '06ff7fed-034f-4e70-a47c-b695711cbbb6']"
fa8a80b6-808b-43e4-a221-82c4943a8160,1984-11-18,Vegan,"['89bf84e9-d619-4a7f-a446-1bfc4e4bcff0', '4434db2f-1980-4f4c-8adc-4108da436827', 'd7cd7cde-5533-4211-83b5-7ea826389112', '692f37f4-13f4-4c1d-b83b-c1ef86bb19c4', '399da92a-1bcd-4c3d-a8d1-b249466bd2e0', 'f1b6cd53-acba-4331-96de-0373814ea89d', 'af301107-7cb1-46ce-85d1-43c4d719de3e', '223aa47e-4825-4af6-b164-f519a78be81c', 'eb64cd12-08d2-4c7d-b219-4cab72fbe33b', '4c298ac7-3df5-4a1a-8317-63cbbcac6440']","['d4fbf8c7-d587-4c66-bc1a-55f6424d26fd', 'a57436ea-ff41-4fb3-b25b-d606978d232d', 'bd67ed92-537d-459f-bc20-ea22eecc68f7', 'bc76bb7b-7b93-449b-917a-8a40df19ecfc', '6ab3e9d1-68f0-481a-a93b-14578fbad120', 'a07a8b6c-d764-4c00-abc6-74aace74331e', '1745fb9a-1ff0-426e-b345-013cfb846b94', 'b589d244-3dff-4590-8448-5586f9d46867', 'e09f1ef3-f083-428c-96e8-bf17f801f49d', 'ef8d2ee5-783f-40d3-be9a-9fcd9f79bc4c']"
a21e0f25-94f7-4992-a652-80a1d2e4cd91,1982-06-09,Paleo,"['3afa7d5f-52d0-485a-8e59-377d6dd93d8e', '3160f813-d6d9-4f8b-8591-59efb9c5bc16', 'ede254be-b402-4cc4-afa2-7ae8b461d749', '4c60268d-8d5e-4d48-9867-71e7df8a0f48', '51fb6c2b-9536-432a-aa53-5964f6f50b42', 'a86756a2-c1e1-4dad-80a8-10554ea7bc8d', 'e4e3dced-7377-48f3-84f9-b84a6dfb8c29', 'b8cd5f06-bfea-4e49-80c9-25492adf5b48', 'd4069935-efe3-4f77-b288-67a4043529c7', '48e57ac0-ca24-45e7-9701-b8b84b198660', '2384c1f7-cf30-4f57-9645-f2dd825598f5', '29294594-a3b7-44c7-bea6-a270ab1afae2', 'ed7aa01d-1690-45cc-b6fc-611a28beb0b7']","['17e2733c-3a31-4990-9512-d8c2fdd02334', '28b4b693-b6e5-4712-8ba3-4440ba3294b8', 'f8174cf3-f2ff-4d9a-aced-2db411bd7da0', '3e2ade5e-2fdf-4e7f-89f8-6ea16daf9fcd', '809c804e-81d4-461c-acfd-7a0fa25573b5']"
7f85a9e7-ee30-4759-b6f0-c84620f74fe4,1973-12-04,Vegetarian,"['e14e4600-b51d-4cc6-b867-9bd99f56c4ae', 'd387f489-6868-402e-a933-c20b79681266', 'aa2ff604-41d4-49c0-add5-8502ccaaeb6a', '6a4979ee-2a0a-454f-962d-8979fe001018']","['b2e80579-54c5-4c2b-8703-902cd4010bde', '5983127c-1eee-4cff-b96e-6843534331b8', '35c0480d-ad1c-4857-bdb2-776f60a8da26', '738bef7e-ca44-4f1f-a8cc-f08b587a9f9c', '457b17ce-4876-4bc3-999b-c75929c3bd76', 'e2480163-0ace-4b7c-8bbd-b98f1d5caed7', 'c65dd573-19b4-4182-a792-3507f5722a2a', '6ff1f49d-22fc-46fb-b29d-ed3c6d59e0a9', 'cebe4ba8-bd70-4d96-b838-fa38a15d1a57', 'c1c306bc-a4b4-4ec7-ba59-cc540be7f736', '9fcdbad7-02f4-4ccf-a7f8-da77bad366e6']"
fb497f54-f19d-45bd-9de0-ddba8c0ad2b8,2004-09-06,Omnivore,"['80de70cf-041a-4374-a42e-6afa3f5394f6', '770e72d7-58b5-40a4-8f63-a6d977c62c42', '310a68b7-b6ec-4c92-8298-0e73df47c7c7', '265c0abd-d746-4d19-a084-199ab4f8fded', '431a6895-636d-40f4-a3c0-ac02501e1962', 'c6d7e705-33b2-4b41-bd41-e44bb6afa79e']","['df116ed1-1e7d-4963-9583-e68b14930f2c', '50ffecfa-c2ca-459c-82e4-3fbbfed0f4ce', '0435dbeb-ff2d-46be-b615-69940f8ed5de', 'dce2e1cf-8297-4928-ba4f-a50adec3952a', '51a58d48-b71a-4906-83f2-6350760b1249']"
da8bc328-1db2-490d-b84d-14fc6b6e57c6,1980-01-05,Paleo,[],"['6d39af9a-8220-4f8a-8ca1-7c243a262402', '80ddd38e-45af-4271-943b-4beeeff13c99', 'c528622d-1643-4a73-b436-13277cdcb1e5', '10de8e16-d919-4475-aef0-c030a84095aa', '91983ab4-0faf-45d7-8d63-15264dca08cb', '96206105-4742-48e3-aef9-818b992d0814', 'f5dbaa5d-6b1c-452f-a71d-744a51bdea6b', '81052984-78f7-406c-8218-ca681c2c0240', 'c004167b-5e37-4879-aecc-8b5851b93ad9']"
5162661b-7c79-4c85-830e-612ccae7b003,1974-03-22,Vegan,"['115b2a63-b761-4f6b-bc7c-c14236b0a6cb', '36f5f206-222a-4e1f-973b-98defd04da65', 'd043d228-629a-4328-9b61-6d6da11118be', '076d5420-af65-459d-9a33-4ffd645e2d11']","['ea72aaa0-29ce-4b98-9e75-432c4f9c3944', 'c4f6fde6-1c36-43e1-b45b-d1f88b1e1cdc', '00dfb80a-2905-40d2-9ae2-0df5d2ce11fc', '8a9d8789-fe73-43c5-adf7-2d0e84f6952c', '81843740-e4fa-4aab-bcf5-cc6cc7a9212d', '55a37bdb-ce9c-4c63-b322-0b612620fcf6', '0d65a120-600c-4878-bb00-692a04a74567', '1aeee349-d7b5-4100-b765-39fe347d25da', '4c4f0d28-0938-4710-9e93-a98402db30a6']"
d1cdb9bc-cc82-4ede-9f4a-a21279847b9a,1978-06-16,Omnivore,[],"['459ae597-828f-49a7-89e6-a7ebd35af47b', '0543d2d9-0f8e-44d3-9f40-9fbeac2fa911', '1a26ad2b-5997-49dc-8904-c621be852a62', '1cdeda68-4384-446b-92a6-b88d93acd32c', '37fa8b69-ad49-4c0a-83da-4fba7ed47dd8', 'ea8d6cec-6087-4404-95f0-6313a3382c36', '3fe23f30-aa1b-4c77-b893-fa64f3a9f517']"
fc67586c-702b-4fd6-9838-60a3cebbbd14,1989-07-25,Vegetarian,"['847c00c4-77d6-4293-b784-1f018d2488f3', 'f2b8a5fa-26dd-4eba-ae77-b5bca2b90b4e', 'ccfeb67c-c63e-4d97-873c-05a61fcf1128', '9c7fe6e7-7b6e-4da3-a2b2-3150a911b697', 'a6b4895d-6700-44f5-b733-e28fdafec13e', '97dc6ae0-74ce-4f17-a8f5-b37a81b22441', '6768494a-da92-4f3a-844b-bb95e16b3d03', '6f290f3c-b214-4b72-8e5d-d2c8587fd112', 'dcf4a9df-b029-479b-9b90-38b158561485', '9c2a555e-d676-4e41-a456-dc4d28b9ff65', 'd3b4ba6a-e208-4991-98f3-abf06c3584d8', 'c915fd65-7991-4bff-9bbb-210e213cfef6', 'a3781b55-3c93-4d59-a49f-52a4925154bd']","['785589c4-addb-402b-af89-e7eaeb3fa0f6', '64ae2058-5e83-4d9b-9db5-3e9e8b3cbd0a', '8b762243-4582-4763-b0f0-9d7d8119cbed', 'b15a6e4c-46d1-4596-a370-b4451ad65371', '7477fe0c-871f-41bf-895f-831b7c66f2ef', '2fb37770-163f-4df9-9a0b-d0f1e259f8fb', '18f1633d-16cc-4cfe-8772-cf4370ba1714', 'deb3fb76-9e15-4f7f-bf4b-2c0447d4f992', '3a87d89b-147e-4ed0-84a0-d63606490185', 'c322aca4-419f-4483-ada2-3e4d1bb2a162', 'a81fe21d-dcfb-457f-a7ba-770e1c48d340', '1f36b4c4-e803-4725-ae51-2c8affa56b08', 'eb886a7f-81de-4173-bdac-3a19cfa7676c']"
e8cc4d5d-9b64-4255-a729-07c28603611e,1975-12-30,Keto,"['a7f4aef0-46fe-45b1-a78c-d46fb830e7e2', '541d3735-c39e-4ba0-98d2-1d8b3f480036', '3aefa95b-dad1-4ac3-bfde-a0aa75ccc9a5', 'd6aa8524-c6d9-46ab-9614-69103556f984', '1422e9d0-21fa-439d-8100-04b39d6134a3', '42407c58-bf64-4ee3-aca0-894bdec9edb5', 'ed65a34d-dc57-4991-b921-c07fa6ab9178', 'eb1852c5-7a0d-45a0-92f2-625dda8b28eb', 'c45d3a72-200f-4013-9ce7-257f56aa2dbf', '3221f4f6-fc9e-413f-be81-3eb6c5ddf58a', '9e5e49f0-7802-47b9-8d63-a7ebfa89c3c9', 'ab46cbc0-77c5-402c-81c3-07fb52ccee49']","['a576c721-2b78-4fba-8515-398fa31526e7', '9dcadf93-ca9b-4182-b24b-f8aa8f6f0304', 'f03a7297-3ac2-4ac6-b3f3-99c9cd90c21a', '8d55f640-1c56-4532-b5c0-4a2f41fe156c', '587b8176-3ac0-4f1d-b74d-45b363ff9312', 'e2e032aa-4d96-4c59-aee9-db24e261cb24', 'db88e815-32ad-4736-8660-2d3491d2cc0f', 'e716a8f7-e6df-4945-a749-c5d5ecb607c1', '9ec6ad78-8eda-495a-9f0e-742d5e10362f', '3486115e-58e8-423b-bde1-57e1582561e8', 'dba17c92-7641-4826-a2ae-c4fba98dc975', '210fbc03-686a-498f-8069-d6e7ad0e055d']"
83204a89-51b4-4d88-9cb6-8708583cbca0,1994-05-26,Vegetarian,"['7b09110e-5584-45a6-a0ee-0b52be3e1edf', '727a4461-5203-43a9-bd83-f119df2f555c']",[]
2638d037-074f-4f70-a627-6f8f7249114d,1977-01-25,Omnivore,"['1bab41ec-c1aa-4d65-9d4f-fad49bb6fcd7', 'a7239a46-3524-4732-b21e-6dba866585c5', 'd6d49852-9b8f-4a3b-9c3b-0b83404229a8', '58ae3b5e-b3b8-4bc5-96b2-0214519d0aed', '1a305df5-2726-4963-b6a8-62c016289292', '7d1a6d22-3a81-4327-b386-96d292902ae1', '04113ee7-caf6-48f0-94db-3e790564f879', 'b39ec375-9349-4c5b-8ebd-cd85b1bfd0f2', '356de764-9275-41cb-8288-7947934d02bc', '4b1b3d1b-197d-46d3-bdd3-680c55d8aa59']","['35a67cf9-93b8-44ef-811e-343430b1544a', '62c68f7b-58e3-4b68-9992-f68a21298864', 'a26f2ab3-60d8-45dd-be5b-892232c067bc', 'e5341f50-1c8f-41d7-9796-829cc723af01', 'f8cf8454-300f-4a1a-b3a8-be9fac51b0a5', 'd947cc53-e7cf-4ab4-970d-721f95e8a64e', 'd304c008-91c5-42ed-948e-2c102afbe1ce', '8acc28de-48d2-4e43-a94a-6f5eda0482de', '77eb9cd2-8e44-4834-889f-512350c90f29', '5dee498e-9b92-4644-a27b-fd1086467b31', '9d1429f3-3be4-4a04-825e-9c7b30032836', '97c56ee5-d6be-4197-ae1a-7b366bc6e9b1', '62495b3b-6d0d-401e-a87b-d6982bd0ed93']"
ed1b8099-4373-49ef-9ec9-4cdb57248727,1960-08-25,Vegan,"['645e0cb0-4eaf-4b0c-88db-2c5c137a1873', 'ef352e6e-b55f-4dc2-a52b-451f2a906ec7', '9ef11937-b027-470e-a10f-97c33cb90a5c', 'c65f9439-696f-4b08-ac9b-b79a27ebf951', '466cd11f-d88d-4492-86d5-77cb19c2815c', '0f253843-fc92-4ba9-a549-825530073e69', 'a06fc280-10d1-4c62-b5f2-74362422e625', 'df38e7a6-9233-46f7-ae7f-78f3398d7f2f']","['96708bcf-7d73-47b2-ac52-b16503fd6e44', '0a3f7cba-0d2d-4dfc-ab9b-0d5d6d3534e7']"
4d1ef19d-ab32-4a83-aa49-2821c99f9fb3,1983-01-16,Vegetarian,"['f1298180-912b-4ef2-b4c3-157a5205f559', '2a41244a-23d4-4bb6-83dc-c2d4ffb254ef', 'f69db3fc-b701-4677-8103-9829d6598f25', '1493c868-ce2f-46aa-b525-f9791af25e7a', '987d5274-2ec2-43e9-8774-3444e9c4ef8e', '3886b865-d010-4f3b-8afd-a58fa95cf18e', '947aacaa-d280-437f-a4ed-16772c4245f2', '07c3e178-5d47-4e2b-8711-b6e31bbd209a', 'e6bce020-f842-4ba6-9a66-ccc6ce8e6885', '718d809d-0913-4980-85d6-3d6588545e29']","['deb04144-e73a-4766-93ab-5f1186d20f57', '0ea2119b-788b-4143-889e-9742824d155b', '5e7349c7-36fb-4e72-9900-87ffb3130b4d', '5c8e2f05-8b6c-4bc3-8622-f60640a604bc', '54c9c0a2-4357-4c81-b02d-deb03a9028e9', '72f50f45-2418-4277-b374-e0b9f94d59bd']"
c5b312c3-f125-4cda-877d-1c811bac8a31,1992-08-23,Paleo,[],"['02e23a14-6229-478e-b122-2fdcd8a2d9d5', '33f8124e-b986-44af-b75f-9901bcbe713b', '793d40bd-8c80-47c1-a2ee-d2be4425e942', 'b03da2bd-2da1-461b-ba2f-030465f39d80', '3908cc50-0056-4e6e-b39a-34de28cbbd72', '7ffa7163-1295-4522-b7c8-c45b0485a7c3', '0cf862ad-2017-4bba-99b5-1f64aabf8065', 'e283556e-f49f-42ef-90be-677422eed009', '5fc29fb9-dcd8-4070-add4-60cfcacd5d22']"
d0b6908e-ff6c-4183-b71d-85ec6ba56888,1960-03-04,Keto,[],"['1de6f561-84da-4b83-8d07-ee39a07506b5', '8d471104-1b1b-4224-bf3e-f463bf7e4c93', 'b5e49f0e-331b-4350-a9e7-5f87a95b1c29', '46d6ef11-0da3-458c-af43-02b4fe3fbe94', '605ef41e-ebc1-4a39-b4dc-18fa6b7b59a4', '79e0c184-b638-4094-805d-fe72e64921d7']"
b8df9b22-371f-4fcc-b823-3acade377cb5,1997-10-24,Paleo,"['15bf8dfd-713a-4adf-bf7f-e23fb383cde8', 'b1da6d4d-5ce4-4072-83f2-c9d7cc38b29f']","['525de92a-5a0d-497a-91f5-805f0b97055b', '46b783bc-6aa3-4edb-9767-8e0d616aa84c', '46375028-8225-4b47-97a3-9213ce84e545', 'b61afbf4-f623-44dd-bf52-e09ab252477e', '1971678a-2cb8-4e38-af22-e666fb2822c1', '5e111e34-7093-4b77-a952-5e1e205e48d7', 'acf14661-6a97-44ef-be31-164adcce8c78', '47292c76-588b-4f42-a797-1f6e0dfa47a4', '0738b323-3f7a-409d-87c2-3b88bba00f53']"
2b3c71ac-1306-4fde-8727-7817475faa45,1986-12-19,Vegan,"['ae6eff14-5538-4649-82b6-1c3e915c4fa3', 'dd15919d-e18f-4604-b574-2795daa0a8d1', '2e9c6c1b-72f7-4aa9-b149-a06171ac716d', '8c363797-b607-42f6-9487-59afe841eaa8', 'bc6301b0-89cd-4ed8-8aee-35ac150ca818', '2c73fb5c-0a33-4d23-b727-d49e8abe50ea', '4b5a8de0-6297-4012-9dd8-e7ed9861508b', '8828d651-e8cd-4cfd-8b70-5f23007e6d63', '9975172a-ba1b-43fd-9c96-4208f4f8f1ea']","['19c6e0f5-e728-4546-b56e-4e32a5024a9e', 'dae703df-f054-466d-8fec-0f8bca59436b', 'b62b9eb0-a9db-4023-a0d0-a9e5d5d52835', 'c6ee68d0-a76e-4d66-b4ea-9c248e841064', 'ba89e365-b217-4e03-85ae-e1aaa74d4a5f', 'eb280e83-3e40-4f48-b3eb-51d2f8730d4e']"
b3cfe7cb-88f5-4ce7-8717-b92d8c9bc564,1985-05-13,Vegetarian,"['f7e073a3-78cd-4937-85e1-848c29c891b6', '348aa89d-152b-4723-8a3a-1e1870f0a6f5', '674f4b01-6e0e-4091-9b9f-72c4db432c94', '26c57079-5590-4ad8-b486-765b2152408b', '8ff24849-95e4-4195-b5f8-59c6cfbb9d6f']","['5e6dd860-f657-4b90-b4e3-a797e280e753', '2d88a4fe-e079-4537-8315-6f470f38cdf0', 'ed24ad16-61f9-433f-9121-6af92e4e0667', 'b15c0984-2a2c-4f66-bbef-316e9200af53', 'da01a6ad-2836-40ad-8d20-a3806a705304', '5ef14641-e02d-42a8-b12f-18dcb84e94d9', '473eb473-b71d-4315-8cc7-ca162f4b0bc8', 'bbb4c7e7-325e-44d1-b321-2637d48f5a78', 'b5f36957-04a5-431d-8c0c-b4fb58db6c9a', '31549612-53fb-42c4-8022-cff733dfdf64', 'ecea2d1c-0361-4564-9121-fee06cbb2392', 'b0d3051f-6bc9-41be-8869-09eb36db132d']"
6c11aed5-ecfe-4149-ad96-385e904a6ce4,1993-01-01,Omnivore,"['a3618036-3f8f-4f11-aae6-d01cc3f8deae', '500c6222-a08d-4104-8b3c-cf123fe7556b', '9db6a69d-bf44-44d7-add8-862e0108dfab', 'b2b2a071-25ab-4986-b3f9-ca28f0acfd2c', 'c3330f58-ff15-48f2-80d0-fe984321edfd', 'b1eabfa3-d205-46db-ba4f-7e3e713d1299', '9189b542-9704-40d3-9bac-c204d0d7c623', '11475d0d-18a3-46d0-b675-054e268daca2']","['94ec224b-e107-4608-b032-48f4b73f2c0f', '34ba5ef8-8128-46f6-8c62-2a25b8ebc586', 'c4f1f798-b6f5-4276-9d8f-63179d514a93', '79c91186-0d9b-4b4f-9c1f-44dba7a40b98', '16c1af42-c7d6-4fca-bef6-32c579e5ab96', 'f36d37bd-6421-4fa6-91de-a7843bda5b54', '40b293a8-39c7-4198-9455-48a605634650', '2db98987-8a7e-4a4f-8043-9dd825196303', '2c93c995-78cc-47d3-805d-445d8c66f904']"
1ffcc2bc-c2c5-4602-a5a4-2dd529a936f3,2000-11-04,Paleo,"['9b739f14-606a-45d8-8cc2-3aabfc8a0dd0', '4b9f03c7-0d5b-4064-834a-b3421f57a437', '048e5934-245e-4916-9311-6b4d0507a764', '46edd356-fcbe-4037-a732-72249c2337a1', '94682615-908a-4d8f-b768-3e01b2f9d525', 'b6857bdf-6e32-4cf9-9b7b-e3bcbde7c69f', '3470c5a6-1908-417b-bcbb-7c85107f9fd7', '43807f72-69e5-42af-930c-82657d452668', 'cd030c14-f910-4877-a2bb-5b61cbd58110', '70dff9b0-bc7e-4b0d-8828-623fb8692eec', '765ecf79-fd81-405c-aa03-0ae1e9f85107', '4556a255-2660-413e-8b97-c80bb7f87e06']","['c515fb0b-49c1-44a3-b42d-ec127e091b22', '505488cc-ba01-4922-81ac-f642e42c418f', 'ce547bf4-8016-439c-a97c-9d6aadda29e8', '6bbd4390-767a-40c2-b449-978ee1f8854f', '1754628a-91ec-4094-ae15-a39f30a5ee67', '7cf86338-ce53-4868-aa48-9971584ec11f', 'e01b5284-28f4-42c7-9007-350b0222e614', 'd728580c-27f4-4f54-8100-cb5fd75359fd', '968fe84a-1c08-4fb7-8675-97f6a5c3ac39', '0a24ab12-ec65-4fbb-ba9d-ce73c81d58e2', '35dfdb4c-b09f-4335-83ff-5ff71a8e6af9', '89e230cb-aa89-470a-bb8f-34143712a88d', 'adb2e746-6896-4759-a7a9-a75671218e7d']"
42d865f6-f190-4c6d-ab27-320293756892,1978-05-15,Omnivore,"['76554917-314f-41da-86eb-0cbf214e3118', 'f742e915-3283-4687-9f9f-37bbe73cb6e3', '2597a7ee-9f53-4dc6-8b1f-1db8bc598a13', '3b7e6774-b916-4072-9ef0-a49dceea2a96', '10984b10-9aa6-4c3b-a298-01cf839ab490', '1c05c595-b2cc-4eb1-ad24-d794486b1864', 'f6221f06-3ff0-4965-8069-55253b3167da', 'a90e096a-9c13-45af-9e42-10e5d5402244', '42db9ac6-872d-4796-83d5-208bdec2b8e2', '4a2976b9-46ae-44e0-8ab6-1f91f1489306', '41dd8e73-d5d4-4c76-8711-1243886e7765', '6db31747-f79a-42cd-9d4e-5d27f386a589', '08ea80a1-e010-4a42-920e-477bf2e37f96']","['bde5533c-17ef-4825-9820-fe78ee07d9b8', 'b9da2e02-49f7-4563-81d3-0b869a9a9091', 'f62254ec-6a91-4023-9984-a60b23559379', 'd6586f4e-9866-453d-8b59-37eaea26e20f', '0f4249a1-5cf1-4a1b-854e-5b97c3c776ea', '17f872cf-6b2d-45d0-b634-c6e4291e2785', '246c61ca-d146-4b63-a6fb-1e977b5054fe', '87197dc0-7a7b-445e-b59e-092effd48efc', 'a3fac01a-520c-4b56-898a-4188f015d802', 'b3a8a7b7-5971-427e-a9f2-a769c2454302']"
b7e56843-4ce9-4506-a45b-a26556cbb38d,1990-03-31,Vegan,['a4d7ec98-826e-478c-8ae3-4b2dc0c882a7'],"['630d42fc-edb4-4727-b707-9eafd6f3702c', 'bfb1e3aa-e8a7-446a-b2ea-5ca4f2587753', '93e461c7-160b-4614-8d1f-aebc493a64db', 'ebbf9922-8d6b-4212-b07c-79ed8c57787c', 'd2c3ff35-12a5-48b9-aa64-bc3e11382f21', '3042a836-4ec6-4424-9155-6ecd484a121d', '2c3942cc-7a69-4873-b46e-3f382d0dbc67', 'edadd86d-5b90-4cb9-81c6-15b14e1a66dd']"
900fc560-0ab0-47de-a10b-099c4eb8ec77,1998-02-09,Omnivore,['009fe470-d7f9-4b9f-ac57-140dd588ec0d'],"['61f08aca-ae78-4f2e-b11f-e204590e599d', '77a6bd13-41da-4e39-a0e8-a490841c3119', '38cc42c8-4ce0-471b-82b7-9cc61f6aa00e', '46cc879f-90b8-4e55-bc95-4670c45f6dad', '56f14543-a64a-4c3f-9787-aa4d0bd9ef6f']"
4930ec98-41e3-4d99-85a0-0ff5c7bd2d49,1963-08-09,Vegetarian,"['54eda977-6920-4b19-9c2c-9e665069ffa1', '461dcfbe-3b5b-43d5-9bd3-196bbc1b912d', '24f49bad-3b6b-48ad-a439-07076078834d', 'e8037d93-65f5-4b22-98ad-2a16eba86bc4', '0678a87e-b407-4a50-bafa-aade2a38a25d', 'aceb8f1e-7f27-4ef3-ae89-2c9bdc14606f', '2bc94a85-78bb-4f3e-aa73-7f4a4444bb7d']","['5175148d-5f7a-473d-998b-bb7db2b0c928', '8ff86430-7c21-45bc-9a6a-d3c00655ca57', '46af360b-7794-4edb-be0b-18956b538608', '30f8f621-4d08-4389-9fcd-de1a6726a39e', '7ead8724-ceed-4a80-8b67-e0364e8e1bdc', '6f34e25a-fded-40e8-8923-efc4cf760af8', 'a508c873-d7d0-423a-9b1f-265245779a25', '722ba6bf-6386-4f09-a208-b14c06736ee5', '075b4d0d-479c-4211-9d47-593e0e9b4db8']"
67f95ac1-a2fb-4d34-b524-a923dcb8fc6c,2005-03-16,Paleo,"['ec0e1349-deb1-4216-a48f-4350fe77e254', '21d5706d-2096-4d96-989a-4b2ffc022792', 'd0760dc0-722f-4f0b-8a60-e7a15d396246', '759af84d-d41f-4dcd-9b4a-0a3e9c60a990', '58c1ff47-29e3-4046-b57c-594dee145330', '80bec39d-47e7-4e6d-a483-24b05064fcdd', 'e1c17f64-a2c2-46fc-be24-4acbef3aeddc', '95eb8ffb-7b90-48c4-a7da-13760b0aa4b4', 'c2033bb2-007e-4a0b-a277-dbea335f0770']","['ac2b7d31-9c24-4b91-8133-48933991c69e', '942cc54c-e8c2-46af-9ce3-45c2ab106eaf', '890ec004-cee2-48c7-bfac-179cfb756df5', '8c628af2-619b-4e9a-8783-5b3e75c31740']"
b10c4c22-7d03-4b0d-aacc-ad6049f1d094,1989-05-27,Keto,"['ed01befe-b068-49e6-978e-2c6eeee3e82d', '52951641-7a8c-443a-8106-9683919a72a6', '7af4d45e-c67d-409c-aa19-021df829dc41', '7a07b0d7-9263-4ae8-90eb-6da9c3359745', '56b495fe-ee05-4b5e-8c3c-85858525a776', 'cd838340-e329-4cbc-8ed8-c514ef9f4f84']","['a99330eb-a088-4a03-8c7c-109c9aeaecf9', 'd89331f2-1122-43c6-9950-6a92907a65ef', 'd7e95054-9e0d-4bc5-8eea-0f0493c398dc', '23d72338-4c1e-403b-a681-76ef92ce9b76']"
13af05a2-d713-4764-aaf0-8a94c937c4bd,2000-06-04,Keto,"['28d3cddf-40b1-42bd-9866-eef8a4ab84d3', '63173d4c-0d72-49ad-aaf3-563f2f92a757', '46a2dc65-52f4-4a2e-8290-5afa82876b1a', 'fc71e048-e646-40a5-9d9f-9f84e9746220', '8a208c50-6238-4571-9689-9d05de8426cb', '56d2c437-f86b-435f-8e06-fbf86dc1911a', '16dbb6da-bfa5-40c7-b1d5-def4f88e5a99', '7fb697fc-e8a5-4cc9-823f-6864aea44e24', 'efd54bcb-3cec-42f7-98ad-db04c350ae22', 'ccdb3f88-b0df-4e24-b21d-95aa3ee4997a', '8023ba71-eeaf-438e-8a3f-f0006caf7b35', 'd8e0af6b-ffab-455c-b637-d71905b23390']","['50294848-b775-4f72-a61f-57bf3dd96168', '61df9153-8a7b-4bdc-8297-176741bd1d4c', 'c8f81a06-f38c-4bc4-8671-e46ef5039a2b', 'b10ed445-9904-45b1-8387-8e655cf65e07', 'a3d58303-237e-41c2-b522-2bb3370f4139', 'a1ec2723-79c5-4254-9039-fb8f29fe2515', 'cea326f6-3b72-4d41-ae2c-2d534d158336', 'c5763080-ac6d-468f-a831-ec011b83f119', '12f71557-5692-46da-bb3b-b5ce4a9f3160', '5f0b8399-2eda-482a-b40b-c0d2027501a2']"
f8d55867-a8eb-41d4-bf71-d52a577df929,1970-11-26,Omnivore,"['0a2222b8-6640-4097-95d4-11e9482fb2db', '6b129bc9-14be-45d9-ab4e-cfc206f09a68', 'c8c11532-5a11-4e6f-84eb-9d0f93fb1814', '3eb09804-ac72-4037-85c6-0a43a94271f3', '3d98cfff-c065-4384-9291-a9c9cc496071', 'f06aa181-ad27-46d7-b5ce-9002c85c292b', '9f1bc196-af8f-490f-8bc9-c8951ba573be', '106da5d8-6824-4ff3-a5f5-470d6c33e6e2', 'd156e93b-094d-432a-8e3b-2f9510e9c272', '97582d80-10a7-4609-beeb-f58210c102e2', 'b5579b95-9b18-4cce-9b1f-e72fe42f4795', '2f619259-ec98-4093-8223-e14f4967a848']","['7182ba6f-839c-43e2-b325-07ce3c0255d3', 'def1281d-7225-440a-b209-cf8f155bfc64', '5ae65d51-46b0-4cab-88cb-8e3f3f91fbe7', 'b1c9e6b7-de40-4c97-b8a2-e13061669083', 'cf5695ed-cb2d-404f-873a-c1a4e961654d', 'efd43bed-af56-4364-ac65-6885ff230def', '2c172968-ce0f-4c52-bde2-10e7f3397f27', '3184fbfe-845c-4f63-bf09-1a48fe1ec369', 'eb220596-51a1-4b6b-bd50-c802476b9794', '17b2804c-2f48-48a9-9501-e1286d271d68']"
ed26aaf7-d2d5-4b70-bf02-9e6403ad92ee,1972-11-05,Omnivore,['b964b70d-374a-4b2a-9d7e-52024f04351e'],"['ef710eb9-d05a-4b32-a796-50b9d3d4c75b', '69a1b313-68ed-4bdc-b0e9-68e69e1d522a', 'a2798f05-a7e9-43f1-941e-f1a8cddb45be', 'e655c651-fcaa-4964-bb89-f9a39ca5faf9', '79a0bfcf-304a-4117-9806-e25e02a6f1f5', '0f7b3972-d97a-4a2c-a62e-ce9da9f8f6d8', 'e54a2c64-780f-4534-b38d-806f6350ccfe', '5be82aff-6747-4118-8216-e110dec85ab5', '43de4a55-6bbb-4962-9380-3304a0ea75ee', '16a0296f-1b35-4da5-a739-e0ca654f3123', 'a9170faa-21b4-4da0-9c13-b675154eff5e']"
182b7e62-2a95-44e0-a8ed-69ac7fb591f9,1992-12-12,Vegan,"['abb68147-65e7-4098-98be-15984e74b9f0', '7fa7e094-80c8-491e-b8da-6e139a36377e']","['788054a8-9a8a-4d92-9dbf-e6e966a1d67e', '2ee25fd0-f691-45f7-b9a3-d66f3fac4aab', 'f13a353b-803a-4f81-99bc-6d810042b159', 'e9888e13-daaa-4d1c-8dd2-e125895170b5', '32e4e4ab-e770-4370-abfc-9350792d6146', 'fdebfebe-16bb-4a37-80ba-de4ff8aa3065', '6bd0176b-0e66-46f3-8928-c7cb658387c3', '4adafc53-0b44-485a-9bda-e6adc33ef325', 'df1d1a44-deeb-468d-b511-2b1af1ea14a9', 'a6cd3863-6b18-4023-9c91-021e8b3786bb', 'ac1d881b-9d9d-4f0f-b860-a8a7dfd5fc9d']"
1e3f4866-ba56-46a5-8ad9-2b188719e663,1998-12-21,Omnivore,"['c4ff3a89-e4b7-4bd0-8dc6-c6721177971b', '1dccf81a-68e8-4362-9dfc-e6ec6c67772b', '8d145ccb-b415-437b-a4ee-06f7cf6e44dc']","['2febd088-61ac-4bcb-b3c2-0d8ceabb2005', 'e246b9fa-1eaf-416d-93be-227ff385948b', '0403022b-af17-43fe-9ac3-d5fd463b8763', 'dd4d9f55-5782-4b44-993d-7a863da0a937', '2bfb5f44-3a13-49df-8357-683cf2618194', '05ca972d-9d6f-4216-affc-afac2f728d39', '7ad24cf8-d0e4-4b90-bf96-bd4750f8feb2', '091028c9-3241-4ba2-ac18-a64cbb5918ea', 'd5fcddf7-b6f5-48f2-a46b-5b1bf447e5a5', '50e419bf-6eb6-4e05-af91-9ca259ef08d3', '6bb17e3d-379f-48bd-a654-c99c7f006d14', 'f14d40e5-751b-4acc-9a66-ee78b6b63c13']"
39a4d6f5-3975-40e8-84ff-5be301ebd609,1999-02-28,Keto,"['ef986457-8f37-4b8b-be81-c1e388138831', '2e14aefa-f8a2-4433-8225-e528859be384', '5a9b8b94-b75f-44cb-829d-9f58b0305638', 'b56d98d6-3697-404a-8e92-17e351acd8c7', '4f5915ea-fcce-4925-be35-690981a3014c']","['4b63a453-3586-448f-a16d-87c5340c7e80', 'aacc0dd1-f0ad-46fc-b0d3-812132b5dd8d', '6502385d-f695-4e55-9357-545e349b1ed9', '350400a7-2e4a-4dea-abc1-3ee8520dc9c3', '1d197012-dd75-4ec9-9d46-d0b37c19127a', '384ec971-4288-41f7-b2c5-f1200227d362', 'afb8f679-eb1d-4999-9f3b-33b2c318fb26', '388431de-426e-4eee-8dba-c25d68a925ef', '242ffd9c-2e8f-4ede-9b9b-2f4b45777a63', 'ef96e528-51de-4b8f-8afa-fc1d92093a16']"
50ef4854-da38-4598-ac7f-98d8d36c030c,1992-07-03,Paleo,"['ae043040-6f91-4e19-bbd7-628fddd9f373', '1e2301d2-0442-41ea-aa63-463d1ac248e9']","['c4161693-9916-43f3-b9b4-0f8447ce630e', '1c5089e0-c74f-4e02-b9c9-aef2b9f4ef31', '51535b7b-2005-4756-a44f-990602b2cad3', '39ec7b05-9233-418c-8cd4-7de8f0fbdf92']"
ea2bc060-661d-4ac6-bbe8-4c2fe56dbe2c,1966-06-20,Omnivore,"['6ec761d7-c5b0-4a04-a8f7-94a8e39d013c', 'a0d0774f-a515-472b-a55f-a692222eac3e', 'b196befa-77dd-4de8-afdf-a864770c1cbc', 'e462a869-1c3d-4a16-bb55-69e586578c73', '8b1d3699-9462-4790-b7a6-300b8b36e349', 'f792360e-5b50-4bb4-a2a5-2051e0575c7f', '91dd5699-b27b-4fe8-b028-0b0e8b40d5e8']","['d4b66180-1c1e-4b24-b102-43a5b3d92831', '7024118d-5cf0-47fe-a6a6-26f96e35c0a1']"
69ec05b6-4fcd-47e1-bbf1-32d24f6465b5,2001-11-19,Vegan,"['10185b11-c76e-4acf-b8a6-422a92780b1d', 'c9a8fc7a-d627-4ec7-9824-776deb6675f5', 'f8614195-87fd-4fd0-b143-3435bbb0b798', '2975561a-ea3a-4ddb-8f31-8c27e20b8b3f']","['2a5a92b7-369a-420f-9179-43e30650655b', '01ea66ca-4f8e-4f92-b308-1231f364f8c0', 'b6951690-d0aa-436d-8113-e41f74f2f877', '116ce59d-276c-46c1-b264-01f70e5fa47a', '776a6b0b-0207-40e0-a2f0-5612dda42c27', 'e34ea659-8eff-4940-b18a-b69f94f0ec79', '6f4617e9-7eb4-46e0-bc4d-66c373bcbcda', '13d45960-82ec-424a-b158-87be5e1a1502']"
815fa797-ce1e-459d-890f-3b980aae20e4,1981-01-14,Omnivore,['943ccada-7742-4239-a94d-e7dd50e234c5'],"['ea2aa032-fdbe-4c1a-8671-a06c7f46c5be', '0579699a-23ab-4f22-9bf3-f22582071b54']"
5abd724f-d493-4211-a07c-0942c65d128d,1988-04-30,Paleo,"['c67287e5-b568-4119-ac65-2ea62fde3626', '2c86d9fd-5e53-40b8-ad6f-6fdf9b351090', 'a6e0d171-81b4-4f36-b259-a48d71827be4', 'd19e17bd-9d80-446a-bdb6-0bb45721938f', 'bcaf4b97-5d8d-42ae-ae49-1ba508286d85', '3d731956-d38f-4d30-9203-a96f62fff225', '10784cc4-e1ba-4f54-83a4-96f05fbaf2a6']","['3eb344c7-b338-4126-9a6f-9b2f49b48493', '4f3ac957-73d7-4511-bdd2-f152af49b081', '0f955081-74f6-4b45-be7d-9315f4094c0f', 'f7043cb5-f901-4354-a037-468fb7d779a5', 'ca7ca1fa-c8dc-4833-b64d-fd260fd2f8af']"
f0c1ceb4-19fd-45f7-92b9-4f3e43ecde6e,1982-11-12,Paleo,"['eb0bd382-3e9c-43b9-b1c4-a1b8b5b94d32', '5ec72e97-094d-4a5c-8c62-68974858a8a6', 'd2f916db-c370-4652-841e-ab2648ec88dd', 'b1ed028c-e1cc-4995-896e-243f0a161716', 'cddfc7b0-13c1-48d2-9be5-de5fe61165ec', '6ce27ec9-1c67-48c3-9334-fdc8810a4bad', '0becf4e3-e1e7-47e0-a1a0-0a73d00bdadf', '0f71ce33-f0c3-4665-84cc-460388cbffc2']",['531d49b8-9a49-49a7-968d-7718f211a531']
94c5b733-d984-4d06-90a1-fb6dfa99f278,1985-04-11,Vegan,"['4e769b60-0d63-4b8b-9eff-04226d8cd83f', 'e141dbed-f796-497d-ae4b-bcc206ced8fc', '569c1b83-7367-411b-be90-e5d78f350607', '50bc7424-08d8-4f76-9f50-adf327cf67b3', '48821ad5-7fc3-412e-ad93-bce6936122f5', 'e1c20bfb-c910-4746-a847-8282185d6aca', '4ec58303-bd31-4dd3-a06d-192175a10721', 'ac2a5fc6-2448-4722-b35b-00a97aa69811', '5fa01c4a-cc35-4394-af65-aa4559198151']","['08884e46-bd13-4f94-a575-232bb70e61c3', '7b696e7f-e085-4309-9975-e59f1f9aba8f', '419e1fc0-071a-4006-9eaa-1bea83c26796', 'fb42d745-364b-4325-83d6-b43fd53599a1', '76b4093e-5611-4ac2-9b3e-2e3730b195fc', 'c96f7a65-aa8c-4650-b66f-95c8fdeffa07', '4dfdb29c-fbe6-4a70-ba4d-07069cc19d10', '9be06dd0-5ba2-4af6-88d5-988c609b1b31', 'ce701949-7ba2-497c-9e51-618e3d46eb25', 'f45a6bb2-cfef-4f72-8293-16f5c4349c86', '3021ab5c-f314-4a06-98e7-104ec1250dfa']"
63f47945-5c6c-495d-8ff6-1a92c4bffc3f,1979-05-14,Vegan,"['8f0cf821-c011-4a7d-ae01-2981471ded7d', '3e99800d-4eb0-45cf-9bd5-64de234257f3']","['0216ab2c-d4db-4dff-9a2f-14990f2f6cee', '8b8581fe-581c-4733-8157-f0556ff82837']"
9183919c-d3c8-46e0-a088-ea69cd3ced20,1991-03-22,Vegan,"['eec2beee-e74d-41cf-af2b-2ece25987e0b', 'bf040b5f-9f3c-4be8-b893-237c58459f13', '8f897cfc-0ecc-48fb-8387-515a1a010340']","['eed20709-9361-4132-bf21-00b771912770', '90032789-1960-4aa9-84a8-023f3eff0038', '89c3b2e8-9a78-48ce-8c1b-582a85a3b372', '05f26115-7c5e-4fde-9f68-802423c09e70', '83ffa2d6-dd82-4f25-9ff5-fb99826efd3c']"
83b46353-5aa9-4511-9c77-7559b51bb996,1988-02-20,Omnivore,"['4d6f3184-1efe-4a7e-b9cd-7a903409c748', '4d4cf1c7-bbaf-4c90-b177-d0383c94b3e9', 'b81f1eea-eaec-4d5d-96f0-b9acecf2d931', '15c17f06-6c1c-4e86-ba30-0327839b2941', '3962d8a4-e422-43f7-8833-809957ec9085', '6268946a-fd48-4eab-a7d5-5806550956bb', 'd67d4241-1ff1-4e78-9d68-3dc4618af85e', 'b88ba87f-43d9-40cc-8ffd-8ca77c2869ad', '84fc75e9-34ba-4966-9ff2-e69930a2415a', '94a7a6c9-039b-4b14-8b11-26f27849f215']","['b4321ed8-c9ef-441a-82d0-9f3222921bbd', 'e50b15b6-8ba4-4615-96fb-524e05924107', 'c913127d-66fc-43c4-bda3-13e9847b9fc0', 'f9507dc5-7ac4-4e24-86eb-b650bdf04d15', '7c6f070b-7b1b-4412-b8c1-489db2ea33a7', '0a62b2d8-d206-42a6-bf08-788169f2bc58', '40f1f574-5dab-411f-9509-209a813f1854']"
ca7547c4-4021-4fa9-aa71-03aa822d211b,1990-06-02,Vegetarian,[],"['907b8da7-e4e8-49fa-b0e1-ea092ed1c197', '41cfc5cc-c493-46d0-bdcd-ccbd501bd4f2', '613d4b53-191a-4086-9436-b929614b036c', 'fb8b7cef-1b1e-4d2b-8eea-c52b272a6994', '84226724-9d41-4bbc-8676-af8d0f96f002', '88ce4c16-94d9-4b72-b797-58c8cb547542', 'e07b402e-fcf7-46e7-8d69-2b9a54250454', 'd722c0f0-dace-4e38-940b-1cd2daea0d68', '37e83934-78ef-4cbc-ae22-6e83f1bda0ab']"
b873bdc8-629c-4103-90b1-99ed33c0da24,1984-07-27,Keto,"['867f92e3-7948-4796-b291-9d159e44a5d2', '01b43026-cdf1-46b9-ae18-166910b623c8', '31c4ae0b-a974-4a7d-b691-50c5c14829ee', 'bec8205d-c7ce-4d86-adb3-1cf834f9f00c', 'e6a6aed7-7bc6-46d0-b5bb-4aa5844c083b', '88d9d16a-0042-4830-8624-9469976e5850', 'ed2fe4fe-1d68-4335-ba76-11cd64e3640b', '9dc6c380-5c7f-4230-88b5-56b035645775', '87ef92cd-a6d5-4d81-9b05-4aeeab763268']","['092a4db4-04c7-4ed5-a3e9-2beaaf70d08d', '53d8b0a9-69dd-43e5-9c3e-cce7f8185307', 'b91444c6-45a5-4c92-b214-778f350a2b9a', '39b48670-b4ca-4d28-aea2-9929a8cc3d01', '266b00be-4c03-4cc7-aa98-8bdde709f9fb', '88471560-64d5-4ad6-b06c-a683b694c72b', '0852a6fd-d65f-4ab5-8e2f-523c21d57f1b', 'bccf11bf-bee8-4af3-93f1-590fe2ed5805', '2e256319-b4dc-402f-a326-de57d0a0310b', 'a5294a7e-c6c1-4740-9e1b-abb71aff82c5', '9d0e963f-695f-489f-8466-ceab85bd2cbf', '0d4797be-37ff-4ddf-a74f-16b87961a74b']"
41c8ef89-597e-4259-894b-8a36563cfbc2,1984-09-23,Vegetarian,"['454fc752-07d3-4cce-a7c8-3c68640391a3', '20278113-df50-4ea3-b040-f59b6e9a7a12', 'cd703df4-6e01-47dd-9705-f6033dc55b49', '6780bae9-8889-47c1-92ba-cf1bd6856590']","['b1743937-10bf-4eda-8250-b34fcdb81ede', '37fce5f0-8bb4-488b-9f51-b6bfe7d50f9e', 'e09c994e-d0d9-449c-a5d0-b352a7bde272', 'c8563421-1d73-4113-beea-b1f2aa93bebd', 'ceee0062-6fcd-4d10-bbfc-196ad091abe3']"
956c74db-6ff0-40c7-b883-afbbc486a20e,1966-04-12,Vegan,"['68badec0-ab96-4f8a-8d51-b9763ac03082', '84db1b68-cfe4-4e06-9625-e8d722626cfb', 'bb8a04ba-970f-4912-a797-adc8bd7125ed', 'ad438eb9-9d35-4eef-8294-f902515fe79c', '884e6ffd-cdc0-4b64-b7b4-f00e4c2d7f2c', '595bf1e5-acb1-4170-b1d2-6637082d44d0', 'f37feef4-efbd-4071-bb97-af59760362a0', '22757adf-f89f-4065-b8a1-9e0defcfba57', '150a93af-a5a4-4441-854b-2eb456075dc2', '63c11e63-77d6-461b-b029-7d4c150b115e', 'ff0b3309-e7af-4643-8b8c-5557757bfb6a']","['1f70785a-167a-4624-93d5-04a0565d90b7', '795ead07-c39c-49f9-8347-1ffe2feebcf8', '4b0faa8f-986e-4b82-a2e0-1f3f4966489f', 'e3960528-d193-44e5-ac8f-0923d1c36640', 'e09fc7a8-8902-4ea5-acf8-e5eb553b0dfd', '7801c0c6-a955-43a0-90b8-4304610f917b', '560393a3-84c3-4d2a-a2f3-efd97345c918', 'd2d500e6-4b9e-47ec-aa51-ff2b06687e11', 'bf6134f8-4bc6-4bd0-8463-a69d949f64bc', '32bd2cba-4d94-443a-bbdf-060c2b06cb20', 'fe25300d-772c-4091-bff3-b539ea0d2e3f']"
cbc550a2-9074-429f-b71a-b65d65918131,1960-07-01,Omnivore,[],"['72aff9b4-2951-45e2-9aa5-f4f4f55adc89', '626f570f-6cf2-4a24-b9a3-5d33c0df0ba7', '6de237f3-0640-4567-ac8d-ce4c8fc8c1ed', '1c1b539d-e763-4484-9572-78811fe3c2ec', '2771eb67-9925-4dfd-8ad2-01cac2a50897', '624df566-2b6a-4ea4-b5f1-effe54d5ded4', '64ba0200-3332-4374-b310-ab29a926aff4', '54e79c51-b457-4d25-8be2-fea0f811bde2', '34ecb7e8-b6af-4464-a2aa-785203e99708', '8f16c5d1-6705-469d-a8b5-a2a65f521d56', '364d48c1-b709-40d0-9d48-617277ab906f']"
a1a61f6e-592b-4bc7-93fc-65fe26276b0a,1962-07-12,Vegetarian,"['69b0ba1e-908a-4f96-801f-059d05ca0abe', '02203095-c6be-4ba5-bbe0-c6a2ff7bfd20', '7eead02f-58b9-40fb-aab4-28828293f81c', '9453f367-a8ee-4208-a397-1baa9ad75483', '80f10b50-5123-4f37-9765-498a24a6f57d', 'ee7a62de-b625-4999-9368-a26695e43149', '2f40d8aa-aeb1-4f3f-91eb-b466162d3e85', '0a0cac92-a359-4f9b-8839-a4d9e131cebb', '7f01f83c-ce0b-4161-a430-189e77164fe9', 'fb68880f-898e-4546-bca2-d8e5f8b7f24a', 'a3b6ac8a-6e1f-4cbf-b875-c8d894d9b226']","['d9cbf140-9338-4761-b2a4-2ea2b97bba3b', '18a87541-01ee-4bd1-a9e5-c43e8e22db34', 'd22ce839-16d9-4ba4-b1cd-8883fa12655a']"
9203f7a9-0ca6-40da-9d5d-e08365cd499a,1991-02-06,Vegetarian,['333ba5b5-dfc2-4415-a0a9-73b46a2d6bdf'],"['991adc93-187e-4689-b260-c8ed988e3925', 'd0dfe0a6-4c56-4ae7-8d5c-2bac3db0d368', '2809b268-e069-43ea-ad8e-ab3f599e38a8']"
ea19d828-2990-40ff-a4d1-2561e1a66a3b,1968-05-27,Vegan,"['d7725c2d-3d0f-4382-bbcf-7234ab044df2', 'bf2664aa-5194-465e-a3b7-c6f4085e1bb2', '2fe529a1-7707-4b65-80e7-1de0e9c1daad', '107284ff-4632-4d31-a4d2-830701902d86', '7bc96587-e954-4a29-9378-b20dc7e3126d']","['14f7f829-d74b-41b6-96ce-0f4870d150f7', '091f770d-1384-4593-b33f-d9d4ff8c92fc', 'f7f22937-c36b-4029-924a-40c088dc7500', '134e428a-cdcc-47c6-a495-d51bfa54e898', 'ed6be26d-898e-4997-a3ab-66f27afacf54', '0746a129-dcb9-4cc7-a5e6-e025bcb7911e', 'de4bb04f-bb73-46d1-b6e9-b8b6db58e04d', '8f281727-c052-412e-b7a7-68b1e5bb6310', '9e0efd9f-29fa-42e5-a037-7f6ec7d0e1b8']"
75db63b2-5667-480f-9845-af3b8f3ccd71,1972-02-05,Vegetarian,"['3982050e-d7a5-4885-9737-74aa4d0d61c3', 'dda9d577-f73f-4e7f-859d-8481904fdc0a', '6e4553fd-d46c-4389-b23c-1bc214991b82']","['0bd4e7a1-3101-40d4-90c2-22564cb6ba0b', '9b1f69ea-a6a2-4e1f-9cfe-1057216703dd', '1dcf2506-89c7-4ac5-9a6c-7af9e9b42dda', 'b3cd87c5-9804-48ea-baf9-15d0f88fac2b', '13ed1e39-0879-4cb8-9379-b82aba684b7f', '33aeca59-d4e4-41f1-9bf1-d092d4562ef8', 'd12fada9-9be3-4c73-8053-8f378f1e649f', '964c0c6a-c4b1-4909-94f9-604bceda707a', 'a83fefd0-51d1-4c3a-95d2-5345165fc01d', '814a8fd7-0431-4eba-9fad-0ef91376bd34', 'd0a91694-e9a1-4642-b1db-b4c839ac3b02']"
1c891e39-8413-47da-ba97-fa1e98dd73c7,1964-06-14,Vegetarian,"['98153c8b-f26c-4066-b35b-4f6027c1ef18', '159cc005-549d-4ab7-8313-d8375df1f5c5', 'b2c6f929-7ea0-436e-b38b-6aed1ddcb7df']",['6e31f452-68de-497a-934d-746d7a022aed']
098eca27-4934-445a-99ba-ad6e703fcbed,2003-12-25,Omnivore,"['002c91ad-d3f5-424b-82a1-db4deb761002', 'fac06da6-19d6-49f8-9718-5d4c27815ae1', '5d532952-6e84-4ed2-bc8a-d2c4213a8b46', 'd2db7bf0-39e3-47dd-b6d8-597c7a6265ff', '094b2875-72d4-491d-91a8-02069bb376aa', '66badf8e-a7b4-4f41-87dc-5075b35bd353', '9a92055f-bfcc-484d-8e28-2fd2c155d72b', '14c9505b-b564-4a45-9c7b-42d009b03a9b', 'a525e954-055c-446e-b5db-8a474e4b6bf3']",[]
d0a77f71-8f45-4554-8e01-17528ff670c0,2005-05-15,Paleo,"['f48304ee-6efa-4c1f-b39c-3a6d1c5479ac', 'f62b084f-a598-451d-92ac-1e256661df2e', '802829c5-7cfd-4d39-a4e9-50216d74c569', '6cb83e9d-379a-45e7-a2a6-2b654a63d08b']","['47a5f361-c763-4301-8fdc-8d2d02d787f7', 'ca972bab-a843-4fcf-ace4-d528e745c03f', '35dddd82-c91c-43f8-8624-01165fe70943', '56c18226-d6d7-4bb7-bf97-f24cb5cbdefd', '9f37cc63-da51-4988-8df5-30d566b712d3', '3de75e81-2c23-41a8-b450-84de09942747', 'f69bca17-f73e-4dc1-8364-bccf303e47a6', '0a83070a-acc8-4dc3-a4f4-ff1806c65872', '8a3b88bb-b32c-4606-b21e-6a0a6e57e81e', '5bf0b411-4f52-4938-b3cf-ac4e0927b30f', '061edf97-8017-4888-b800-1b8926a9240c', '6efa568d-1ef4-4b6a-9c27-8c5310760e47']"
dd15b1d6-dc6e-48d1-9245-e4d94b36dd9f,1966-03-17,Omnivore,"['33f25315-5574-447e-9653-be4895818f8b', '33ded40d-8182-493a-b95a-bce7c5104dc6', '82efba69-b58b-400d-8513-8d47a29d72dc']","['edef5ce5-1a26-4eae-bbb1-3ecc19fafdf8', '5ee80fb8-736b-4b41-926c-1cb42c9a8059', '0dc3d05c-c78f-4387-a440-f61bd76ddea6', 'e003e71a-52a4-4410-8f72-8c5f2b8c8c5a', 'e0afde7f-9e92-48d1-a72a-a13106a74280', '2983517b-7598-41c7-ad82-ce060f08b56c', 'a39216f4-04c3-478d-8c9d-910ffa6e7e79', 'e09eecb5-a235-4de3-ae65-bf1ad31a46b3', '8bd67d0a-f0da-46fb-a3d9-4884af55e955', '9be3de3e-f691-4da0-a297-28fc9d1391b0', '12fdb881-af14-480a-ba33-110271e2aca4']"
ae68373a-9aa9-4801-95eb-694a2f31506f,1971-03-01,Vegetarian,['36d736d2-97ee-465f-933b-4eb2e292f02a'],"['ca55950b-9dcd-40ba-a957-2e92a377abad', 'e972c966-e33c-4b91-85af-2b2bd754f988', 'a4a10cf4-ac0a-41a2-ad93-e38eec8553bf', 'b97638ba-0785-4134-9e0b-113e1200d38f', '8e47e0f5-97bc-46d4-986c-03e1ccc7d7e5', '0dbe6d9b-2dc9-478a-852d-9c8cb6cc0a85', 'ac513354-32dc-4b03-ac4d-84b5012e8f0a', 'e9391785-ec99-4256-b369-bce7f6c3e2c5', '77010c0c-d8c4-487a-8afc-f92bc8fb1fcc', '05745cb0-4266-4eb9-a219-81afa8eef43c']"
41123dea-a58a-4ca7-a350-434bbab66ea0,1980-05-25,Vegetarian,"['a55b3aa2-ccb6-4fc5-81ad-43b59ac9a0c7', '73ac022f-1f00-4aa9-af37-e970210e62e1', '8fff41f9-a9f5-4f84-89aa-8e1475c833ab', 'cdb7a47a-ced4-4a23-861d-b6d3255887ba', 'c2ff6603-a7c8-4ada-87a2-b089fdf39b5b', 'd56e5a8a-10a6-460f-bc58-2f9787265f48', 'cd00e91f-e1dd-4a3d-96ff-20c1d4431309', 'a3afac9e-0907-4bf5-b181-c4d868c8df6b', '5fb9c7c4-563c-484f-8f46-0c71c671728e']","['dbd67e09-10be-4592-814b-cccaf1847a40', 'cbd3e64d-1c48-4ffa-b16a-68aa9671e7cf', 'b14b3894-ac5c-4389-919c-8ed3529359e4', 'da96f89c-0342-49d5-a105-7ac25a1a5d5a', 'ecebcf29-5242-4f0d-bd41-7a4f541c4b7e']"
f9969b39-f111-471d-b9a5-a980a27150ff,1978-06-17,Paleo,"['1064c4bf-1f88-43bb-b38d-37086e7830d1', 'cd87df49-61ca-44ea-80c2-4d7b98acd335', '13613d75-3727-457a-a79a-cbf350c658b8', '7227cad2-7491-40b3-9242-3b7c6254d8c0', '29a38d28-2cda-4012-8bba-077fcaa9ecd1', '537dcf55-7e0f-4b3c-a713-8e35f179dfb7', '61e4f30c-a195-471e-9d47-f3208ab18ce1', 'fc880c1f-f209-4c39-a327-2687a5f81658']","['d4cb0f30-83dc-4a6b-85dd-ab4a818d587b', '0880dd12-dc60-44a9-8048-50b43f1a5415', '950da674-aadf-4515-8c9f-fafbc70cfa32', '3b6b2a08-6a82-4532-b4ff-597dc35dd310', '5b284fd9-cbb1-4a39-9e84-43bebd3aaade', '706644cd-4b67-459a-a365-4cc989d8fa6b', '400e1f33-0cbe-4c9e-ad64-f5d24e9009d7', 'fff03207-318e-4a9a-be7f-5da04c439d7e']"
301a427a-2b79-47d8-8fc2-fd97ead86e4f,1990-03-10,Vegan,"['23b88790-930b-43d6-b7dd-52a4d6ff22e0', 'c18c5bcd-d626-420c-ab9c-721c065bf66a', 'aeeb2dfb-8a1b-42cf-a116-858ff7f629c7', 'bf808d92-7f81-49ba-a197-e11abeeaeced', 'b9b397e0-94cb-44c4-b623-042c9612995b', '425183cd-ef7d-46d7-8d8f-8331c1ba8430', '8491726a-2fb6-4d70-9b1a-b4a3864934f4', '30aedcbb-5f85-4392-a4fb-9e1501df543b', 'a2975888-5b5e-4da6-b6d0-2b4f69b1e1e6', 'f6769770-0bdb-4af8-b443-39bf3245de0a', 'faf5bcf9-b8f1-4acb-bacc-eae396226b9f']","['28db8447-941e-435a-b3d2-5c043ded79cd', '88016a53-4f82-4507-9cc4-4bdfc1ae8c91', '63de62d7-e27c-4caf-a762-ceeb83d7f0b8']"
1303534f-692e-4b18-9950-dfd9641a640c,1973-10-23,Keto,"['2a72e67d-b1df-4ac3-bc79-83cc23928638', 'd52299f1-4328-4c49-881e-aad0527702c8', '254fb26b-e913-445f-b614-81122b946e9d', '028510b6-4785-4106-8e43-e1a4592fa0de', 'c0fb377f-36be-461d-a17b-8b10b1013839', '5e4a7f8b-1b09-4ad9-bc53-ca67536a2114', 'fe9469fe-4629-429f-8a0b-c952d4f3f2e3', '079efb3f-2073-42ba-9b4b-20c0bbeb7e16', '7d65a0f0-d635-4a05-b79b-1eea5dfeac7c']","['89290200-5ab8-40f0-909f-082c286540b0', '13114a45-eb05-4091-92d6-edacc3b4aa5d', '310bed8d-3e26-43c3-ae86-8ace99765f45', '44cba797-384a-4607-9132-74904bd86715', '57003c3f-947f-4aa8-a496-de6d78345a63', 'c27f8674-862b-4a7c-af37-5a9b005fa0f1', 'a668c442-1dd3-4101-99c8-138e28f9a383', 'cae76188-a507-46a1-8755-b3a91469c5ea', 'd4feae56-e97d-4403-915e-89717f02def4', 'cb38dca9-2fa7-4da9-9e31-c66473958bd6']"
38684004-e83e-4e37-99e4-c799648fb0be,1989-07-12,Vegan,"['43fe6aca-0648-409b-a626-0af65d072076', '81b0066c-25d4-478c-9126-0106c89a0272', '70f96518-8222-48e2-96b2-738e5d2053ce', '5a596db8-bff7-400c-8626-2ba50e6ac0ec', 'e995b047-6357-40c1-b2f2-c25a25a4e6f3', '40da0927-f2e6-419e-92a7-e521ca733f49']","['2fcc389c-9c6f-462c-b2d8-a0f6b4da583a', '2c5ee4bc-d060-4bb2-93fe-0fcc1a97e019']"
1651f7b5-74f1-4f7b-9373-36fcc471c2e1,1962-01-26,Vegetarian,['ec32a6f5-246b-4525-918f-f206c6bb7b5a'],"['80015cd7-cc33-40e4-b454-bb2308dd2ae8', '400d4345-b07f-4952-ab18-589044bc1d1e', 'd312cc68-71d4-4795-b414-9ab053c0a0e8', 'd32a2962-dd44-4c6c-8a28-34769a65704d']"
d08be33b-4efc-4203-92d5-f01de4778833,2005-03-31,Paleo,"['c930f510-4370-471c-bfc1-912b985e8adf', 'b9aff814-36a7-44b9-b188-914951dd1ab8', '2bfcd87c-e852-4b35-a17b-7864f0639a4a', '25d4805e-d6c7-4a1a-a124-68399a8f1124', 'a0aa2ca5-0e45-43de-bd3d-c086cb1a9298', '7f1b7538-7fba-4e1d-bb97-43cec07fb5c2', 'e1d22e51-6475-498e-a8d8-46f23024aac7']","['70be75e9-1fd5-498e-aa6f-b4a024a5b32f', '27d03f85-0766-4cb8-ad34-8050d143409d', 'ca569ce3-d14c-400d-ad78-256a57cf9674', '1e0a1ed5-0cb2-4c86-b481-d146a0c88f28', 'fe82fe2b-c30b-4e6a-b6b7-79b9c2632e9b', 'cfb08970-2419-473f-83e8-d37b8b533022', 'cfe1a619-c9fc-4225-8759-ceecfaaef51a', '8c5af1bc-082a-4c3d-baab-89ee46a7fd9f', 'fe557031-bb33-44c2-bd0d-9af4aeabf857']"
0046d619-4a0a-44ad-9f57-703e6de5f942,1975-02-15,Vegetarian,"['f8afe21e-3b46-4213-bfe7-5583536a94da', '90e6221b-2104-42a0-833a-f8b52257c7d4', '9e35ae88-0b82-460c-99db-dd94d3d57de7', '15da06a4-d5d2-44aa-b537-15146053fdb8', '20427f22-75e0-4157-ac0b-5fe097320e47', 'e19d155f-a0cb-42d0-b3e4-9e10a8d78a35', '42ec669c-0ba7-45a4-8582-349c2739a815', '9d4f959a-dfb2-42ad-aeda-345ff624440b', '9c2f0824-fedb-452c-bac8-4ae7f3df5bb1']",['3c6abaae-6221-408e-be86-69c43781f29f']
b98e79e0-f7b7-4413-aff9-b2bba856d9d0,1980-07-14,Keto,"['3846604f-6aec-41dd-bb8b-e58f44817ab5', 'a26793c1-89c1-4285-995b-4415bfb7d94d', '552ea4f1-e9a0-41f7-b99b-bad97b8b00d0', 'd02285ec-a4cb-4103-b938-1eed637ea1b3', 'a9699a03-5a0a-4b45-b84f-a378b8b42399', '056631b6-498c-4b7f-9bdd-b2cde3336f7c', '37746667-e52b-47e9-9c6e-88eb8e45c844', 'e607c7f7-1206-4222-af48-337c36a11196', '26bf972a-d478-40b6-851e-0b5e260f07bb', 'db8576cc-d77d-460b-b2b7-f46d4b928de2', '0f5d211c-7d0c-49a0-aba3-0444a243019f', '0984658e-fd51-4230-aaed-0ab9643c2f10', '502b2c00-daf5-4c29-b789-044f15693820']","['a6f9c199-2977-421b-992a-48afb987408e', '5c14551a-57bb-4226-9a39-c8fc6e84296d', '9569e7fe-999e-4dbc-835c-4812485a5348']"
7e1ebe61-ac8c-4c88-9815-b1dbb33dffa5,1964-06-30,Vegan,"['b0eca1bf-3304-4d14-aa4c-1cb0ce6d1b96', '1f2247c0-4fc3-4cd6-853d-e31cc5ddbcf3', '6e787477-86e8-4bb1-b494-7d502b6dff20', 'c25f70b6-9ce5-4a1f-8cef-f9eba0169a62', 'df8fc3e0-5ab2-4ed4-8f48-ffa6036ed330', '8f51ee7d-9ffd-48f5-be9c-9d77bd865351', '921b1f31-f26c-48f1-bdf6-079b392fd3df', '6d5091b8-5170-46c8-b938-0620b166aa02', '1a413e89-ca23-45e2-9308-a152ea507c03', '23a29be8-5009-427a-8428-eeb6e326cc97', 'c39197d3-1056-4bd9-9352-bb768d343940', '873b4d94-e091-45cf-b93f-0efd2550c8e2']","['7ff4fa62-d27c-4d67-9c89-aaf928f27096', '326ed6f3-a8d1-4981-b569-7483511703c5', '0953c0df-235f-4698-844c-7b063a14bc86', '2e7e9c10-6bf3-4864-91d1-6192845b9322', '03502c0d-0962-44fc-aed6-65219b6b6118', 'a99672e7-0296-4637-9c32-376f44d445a2', '618d98c9-0b1c-4eb2-8a34-21e3c80722d1', 'e70585ca-6d6f-4279-b354-54a1fa18953c', 'd7e03aa4-5dcd-44ec-b3e5-089d5e05f9a9', '8449f4d0-618a-441e-b593-5e0198cec1d9', 'a04b3f7e-589e-4e0a-a0dd-ef9f754965a5']"
cb8e1851-333a-4972-8124-099019050d5e,1986-11-05,Keto,"['29d8fe90-4a37-4900-8eaf-aaa8663e6445', 'e80919f4-9371-48ae-925e-26b810af1522', '7a35685d-c412-45c2-986d-961574d33614', '024a66d3-0e01-4518-af3a-0da57ec9bc46', 'cef2d2e0-6de4-4374-9434-217e42cf4451', 'e7a01625-9297-44bf-b2c7-861083868d7f', 'beda4460-15a6-4d39-8dc1-db9a14675952']",['e9b63126-42c9-461f-a3e7-8752c989030e']
06841583-501b-42e0-9d50-cba863ae1062,1969-03-14,Vegetarian,"['a09c3aeb-b78c-45d4-a03f-fed1088fe81e', 'efb55f5b-772d-45f6-ab57-405eb8cd0a37', '1acd0ad0-0460-4065-b7e1-42585a2f55fd', 'b3164c8a-5270-44ca-821c-1525af22fb58', '5f215a17-2696-45e8-97c9-4a425c6c51d3', '16727c73-1d7f-43d3-b03e-40df29c7bcdb', '633c6edb-7be4-4ffd-8dff-50fdf4f9cdf0', '42ef63c8-bd18-4d35-9d77-67258fc27364']",[]
e4f33d9c-8b36-4a19-95c4-048ffe3d71bb,1972-12-13,Paleo,"['bb3f7c84-e27e-4e70-9ca5-2aa55c61cbd5', '684866ff-97d8-4b8b-87eb-417f84b5fd2d', 'd4743385-b75d-4116-bfef-d65fb0a82060', '2e97d6d1-041a-4cf7-b1f4-9d62a548937b', '9ad5a0e0-3a2f-4fa4-adef-18c67fa488c0', '960a3fab-0feb-4169-af89-2b0f6826c023', '9ab98e13-677a-4d7e-af5c-42b89344c64c', '1a80f126-4a6e-4f99-80e1-e6f2648b779e', '37908770-fddd-47f5-a5de-0ff3fa9acfa4', 'dd14ad14-cd74-4ffd-93ad-b76bf4acb35b', '83a61236-3769-4645-bbf4-337d7386868e', '84ebafaf-6f2b-48fb-9995-2b327e6e9cb2']",[]
b7459569-16c1-4918-bbbb-d682d8f8f857,1983-03-01,Vegetarian,[],"['a2df17c0-6006-49d4-bee6-7453499eb6b7', '198e4be2-d156-4a1b-9b81-fa19a8b1fbe9']"
055e9118-7bf5-41ba-b082-7942bbc24f7f,1967-02-18,Vegan,"['ed7ae478-4efd-4af6-8495-10d3c6b90ef1', '1caf0a30-e02b-479c-8ab6-fce9f0a759da', 'd8c2c176-8ee1-4dd9-9587-5de02e19ea3c', '7a98b30a-4644-45e1-b926-1685f2815f0e', '91ba7ebe-8e98-4629-8042-0fe8b743364c', 'e37e85f9-5ba0-4164-b9bc-1022650a9232', '445c742d-b062-41bb-be02-a14e4218face', '536f931f-5dd8-41b2-a963-587444dc616c']","['1e301a38-42e0-47e3-9513-51213fd25551', '1903b2ea-480e-427b-b8e9-3c883b5addd4', '90a58552-43cf-41a3-854c-65d474fcb577', 'f7dadaf2-6f78-4fd3-b2a9-afa23b673a80', 'c81bc039-db85-4a92-9d03-7ad1396c1ac0', 'b4734edf-5389-4d9f-b199-aab1c6a78c4f', '83f27410-bae4-4dfd-957e-5b5d5bcc211e', '19519138-c068-4e2a-b8ef-87fa0388be5e', 'ec1e86a5-0bdf-45a8-880a-c01f7fb42c12', '2f2e04bf-6f2a-458a-9d90-954fbe6dd030']"
